"","age","gender","country","order_q","order_v","return_v"
"1",32,"male","germany",64,117.9,51.99
"2",41,"female","austria",386,21916.46,9919.9
"3",25,"female","germany",372,6923.7,1659.11
"4",57,"female","germany",372,9986.8,1925.41
"5",46,"female","germany",369,13527.32,845.16
"6",36,"female","austria",33,14722.34,6839.31
"7",34,"female","germany",34,3778.3,3958.5
"8",39,"male","germany",296,45269.23,6827.7
"9",46,"female","germany",293,3494.98,1698.35
"10",45,"female","austria",287,15216.47,891.62
"11",42,"male","germany",271,19173.3,1218.91
"12",59,"female","germany",27,11299.26,478.67
"13",52,"female","germany",263,32387.25,13824.5
"14",33,"female","germany",26,326.92,2172.6
"15",31,"female","austria",253,9484.23,4411.16
"16",28,"female","germany",251,9885.47,412.88
"17",59,"female","germany",249,37599.89,29278.6
"18",46,"female","germany",241,8677.68,758.35
"19",45,"female","austria",239,1412.37,6545.97
"20",38,"female","germany",237,7796.72,3356.85
"21",35,"female","austria",236,19775.83,115.41
"22",51,"female","germany",232,1312.84,7499.8
"23",51,"female","austria",228,12431.12,5791.77
"24",33,"female","austria",228,9253.84,5633.65
"25",38,"female","austria",225,13248.43,5375.5
"26",57,"male","germany",225,2314.86,836.9
"27",39,"female","austria",224,1559.89,6426.5
"28",42,"female","austria",223,1313.38,4428.55
"29",44,"female","austria",221,12942.61,6948.34
"30",51,"male","germany",218,25519.3,1866.7
"31",34,"female","austria",215,14392.91,5616.33
"32",38,"female","germany",214,11745.8,7763.99
"33",38,"female","austria",213,142.89,671.32
"34",41,"female","austria",211,8735.95,5521.75
"35",37,"female","austria",21,1881.58,4581.79
"36",59,"female","germany",29,11155.84,8484.32
"37",46,"female","austria",29,14981.55,755.3
"38",44,"female","germany",28,12593.47,6759.13
"39",31,"female","austria",28,12384.34,6385.76
"40",59,"female","germany",27,24111.91,9954.7
"41",61,"female","austria",27,9438.59,194.34
"42",54,"female","austria",26,995.54,3332.59
"43",35,"female","austria",25,971.3,4486.51
"44",26,"female","austria",22,11278.41,635.4
"45",44,"female","germany",22,6486.63,41.76
"46",31,"female","austria",21,111.46,4436.57
"47",45,"female","germany",21,14847.3,9491.47
"48",49,"female","austria",2,13242.21,5864.88
"49",32,"female","austria",198,9939.13,583.83
"50",66,"female","germany",197,11368.4,7443.7
"51",29,"female","austria",196,1768.29,497.2
"52",35,"female","austria",196,1162.25,5463.35
"53",55,"female","germany",193,1357.4,7336.31
"54",38,"male","germany",192,1572.99,5115.97
"55",48,"female","austria",19,1192.2,4611.86
"56",64,"female","poland",189,23486.55,12799
"57",34,"female","austria",189,9763.7,3951.55
"58",33,"female","austria",187,12774.48,7138.28
"59",47,"female","germany",186,12246.78,931.92
"60",47,"female","austria",185,1288.49,4759.61
"61",28,"female","austria",185,11177.93,521.93
"62",61,"female","germany",184,1944.82,5633.42
"63",33,"female","germany",184,13268.1,5422.46
"64",35,"female","germany",184,7434.16,6442.4
"65",46,"female","austria",183,1275.59,631.8
"66",31,"female","poland",182,34865.34,575.75
"67",33,"female","austria",181,1158.77,5124.8
"68",54,"female","austria",18,9312.65,5298
"69",45,"female","germany",18,915.96,654.32
"70",43,"female","austria",179,7771.77,3682.31
"71",46,"female","germany",178,5815.95,411.67
"72",47,"female","poland",177,493.87,351.33
"73",39,"female","austria",177,11515.39,751.32
"74",46,"male","germany",177,553.12,3586.5
"75",53,"female","germany",176,182.45,4747.93
"76",27,"female","germany",175,824.65,1466.6
"77",37,"female","austria",175,974.27,352.97
"78",35,"female","germany",175,5383.75,3495.15
"79",39,"female","germany",175,5896.55,3269.3
"80",32,"female","austria",174,7426.21,2812.75
"81",35,"female","austria",173,136.24,5191.4
"82",56,"female","germany",172,591.52,392.57
"83",31,"female","austria",172,9647.48,5782.7
"84",57,"male","germany",172,7259.36,5519.7
"85",43,"female","austria",171,1981.84,6732.2
"86",33,"male","germany",17,1399.36,2195.31
"87",55,"male","germany",17,1666.66,617.13
"88",42,"female","austria",169,1265.66,494.17
"89",52,"male","poland",169,4911.37,2711.4
"90",36,"female","austria",168,9798.91,453.69
"91",42,"female","germany",168,4458.78,312.9
"92",52,"female","austria",168,125.29,4744.59
"93",38,"female","austria",167,915.96,4588.53
"94",46,"female","germany",166,6693.3,482.92
"95",33,"female","germany",165,14526.13,7365.74
"96",33,"female","austria",165,8788.25,3642.38
"97",51,"female","germany",165,428.32,256.85
"98",36,"male","germany",165,17461.36,7142.96
"99",41,"female","germany",165,11367.5,8287.48
"100",36,"female","germany",164,9652.86,8387.9
"101",41,"female","austria",163,11489.1,6942.7
"102",51,"female","austria",162,9831.65,4341.97
"103",67,"female","germany",162,14877.89,11963.22
"104",42,"female","austria",162,9822.34,4394.34
"105",56,"male","germany",161,9159.74,6171.42
"106",44,"female","germany",16,1479.94,5825.43
"107",32,"male","austria",16,8615,4157.7
"108",41,"female","austria",16,7371.4,478.58
"109",32,"male","austria",159,841.88,512.3
"110",37,"female","austria",159,8758.2,2494.14
"111",34,"female","austria",157,6914.13,3296.85
"112",44,"male","germany",157,15579.57,9876.64
"113",46,"female","germany",156,1146.19,6912.39
"114",39,"female","austria",155,1189.15,683.75
"115",53,"female","austria",155,972.44,5156.54
"116",35,"female","germany",154,182.46,8382.81
"117",37,"female","austria",154,5937.27,2856.63
"118",43,"female","austria",154,9576.84,596.43
"119",29,"female","austria",154,195.36,6323.2
"120",33,"female","austria",153,7176.98,433.85
"121",56,"female","austria",152,9893.59,3161.56
"122",51,"female","austria",152,1389.82,498.83
"123",51,"female","austria",152,752.1,4179.39
"124",32,"female","germany",151,5156.3,3994.73
"125",39,"female","germany",151,6231.34,3963.41
"126",41,"female","austria",151,922.25,4847.59
"127",46,"female","poland",15,5938.28,345.76
"128",47,"female","germany",15,8159.6,5883.67
"129",58,"female","germany",149,5164.28,3437.65
"130",49,"female","poland",149,21649.9,1896.82
"131",36,"female","austria",149,1112.7,4531.58
"132",42,"female","austria",149,117.53,3518.44
"133",49,"female","austria",149,1624.96,596.75
"134",39,"female","austria",149,11257.1,6834.29
"135",37,"female","austria",148,625.88,265.46
"136",61,"female","germany",148,7454.8,4419.4
"137",29,"female","germany",147,2247.76,98.73
"138",48,"female","austria",147,8655.46,2842.34
"139",44,"male","germany",147,811.11,2991.37
"140",27,"female","austria",146,9453.2,5635.6
"141",46,"female","austria",146,7951.74,3195.5
"142",45,"female","austria",146,8288.97,3492.45
"143",28,"female","austria",145,1296.9,464.53
"144",36,"female","austria",145,7215.16,35.99
"145",37,"female","austria",145,982.61,711.59
"146",41,"female","germany",144,3742.72,276.17
"147",69,"female","germany",144,8213.56,6542.94
"148",37,"female","austria",143,8513.67,464.77
"149",44,"male","germany",143,1274.8,8432.36
"150",22,"female","austria",143,723.37,3955.38
"151",59,"female","germany",143,6689.29,4353.31
"152",56,"female","germany",143,2429.82,1263.78
"153",56,"female","germany",142,8516.55,3998.78
"154",61,"female","germany",142,4193.68,1329.93
"155",33,"female","austria",142,6827.9,347.1
"156",56,"female","austria",142,8843.41,3289.39
"157",31,"female","austria",141,82.3,4727.52
"158",32,"male","germany",141,244.96,188.97
"159",38,"female","austria",14,4594.1,2145.43
"160",47,"female","germany",139,7442.8,2848.88
"161",58,"female","germany",139,8676.35,679.36
"162",32,"female","austria",139,9254.6,467.9
"163",36,"female","austria",139,8747.77,4724.84
"164",42,"female","austria",139,7737.17,4424.53
"165",47,"female","austria",138,7727.77,349.78
"166",46,"female","austria",138,843.54,3418.77
"167",29,"female","austria",138,893.17,4868.67
"168",43,"female","germany",137,7987.69,412.9
"169",34,"female","austria",137,55.18,155.42
"170",33,"female","germany",136,2478.78,1458.72
"171",42,"female","austria",136,7597.39,4535.68
"172",51,"female","germany",136,4745.86,2592.23
"173",55,"female","austria",136,9491.55,4312.34
"174",31,"male","austria",136,5881.96,3287.7
"175",43,"female","germany",136,5352.72,47.94
"176",33,"female","austria",136,6525.92,312.62
"177",42,"female","austria",136,7126.6,4438.58
"178",35,"female","austria",136,6786.55,2766.1
"179",43,"female","austria",135,7967.97,2718.9
"180",42,"female","germany",135,8635.65,7652.9
"181",38,"female","germany",135,7357.64,4925.78
"182",41,"female","austria",134,6884.17,4332.78
"183",42,"female","austria",134,8642.2,3915.98
"184",38,"female","austria",134,5986.61,3657.18
"185",28,"female","germany",134,1757.25,2665.59
"186",37,"female","austria",134,585.45,2696.59
"187",37,"female","austria",134,7853.4,3563.25
"188",41,"female","germany",134,9164.86,3752.61
"189",39,"female","austria",134,826.61,559.8
"190",29,"female","germany",134,388.63,323.79
"191",36,"female","austria",134,816.27,4446.44
"192",38,"female","austria",134,1467.93,6418.51
"193",34,"male","germany",133,3754.99,274.43
"194",31,"female","austria",133,7475.19,314.3
"195",38,"male","germany",133,5651.88,2733.83
"196",55,"female","austria",133,6959.86,3279.5
"197",55,"female","germany",132,7812.88,5541.34
"198",43,"female","germany",132,8175.98,4842.77
"199",58,"female","germany",132,8539.37,4833.23
"200",36,"female","austria",132,6464.3,33.83
"201",39,"male","germany",132,882.8,4954.71
"202",45,"female","austria",131,8166.77,4999.82
"203",43,"female","germany",13,971.46,746.37
"204",26,"female","austria",13,7864.77,2612.66
"205",33,"female","austria",13,81.9,3465.18
"206",32,"female","austria",13,8536.76,4311.68
"207",31,"female","austria",13,9731.7,3816.42
"208",39,"female","austria",129,5146.2,2341.64
"209",41,"female","austria",129,934.7,4213.9
"210",25,"female","germany",129,9695.5,6968.43
"211",35,"female","austria",129,7418.27,449.59
"212",62,"female","germany",129,8482.56,5227.33
"213",38,"female","germany",129,4697.88,2731.51
"214",52,"female","germany",129,11165.94,857.11
"215",42,"female","germany",129,14818.44,182.22
"216",39,"female","austria",128,138.8,8885.11
"217",41,"female","austria",128,7183.53,3139.34
"218",49,"female","austria",128,771.94,377.81
"219",59,"female","austria",128,4232.4,172.28
"220",57,"female","germany",128,5832.3,3115.65
"221",34,"female","austria",128,542,1347.93
"222",39,"female","netherlands",127,5354.73,219.84
"223",44,"female","austria",127,999.19,342.61
"224",35,"female","austria",127,6436.55,3345.54
"225",54,"female","germany",127,12657.72,5697.98
"226",34,"female","germany",127,18459.77,786.69
"227",52,"female","austria",127,791.85,424.19
"228",35,"female","austria",127,9649.86,4917.13
"229",47,"female","germany",127,947.94,43.95
"230",38,"female","germany",126,4739.59,3186.25
"231",23,"female","germany",126,3979.14,2836.5
"232",46,"female","germany",126,394.6,1775.37
"233",36,"female","austria",126,5921.53,2466.66
"234",33,"female","austria",126,5452.3,344.61
"235",37,"female","germany",126,8717.58,6596.44
"236",54,"female","germany",125,4742.75,344.22
"237",25,"female","germany",125,1121.65,5564.47
"238",42,"female","austria",125,5884.29,2544.6
"239",49,"female","germany",125,6392.49,3958.88
"240",37,"female","germany",125,8663.25,2358.76
"241",34,"female","austria",125,5731.93,164.51
"242",47,"female","austria",124,8889.25,4446.18
"243",57,"female","austria",124,6254.83,1779.52
"244",29,"female","austria",124,1132.2,618.63
"245",35,"female","austria",124,5451.1,2212.36
"246",38,"male","austria",124,6571.52,1876.43
"247",43,"female","austria",123,523.55,1657.17
"248",57,"female","germany",123,813.25,515.15
"249",62,"female","germany",123,6222.67,433.48
"250",24,"male","germany",123,5177.62,697.55
"251",49,"female","germany",123,5898.47,473.59
"252",47,"female","austria",123,898.91,4718.72
"253",44,"female","austria",123,6338.32,3363.2
"254",47,"female","germany",123,7146.96,57.75
"255",42,"male","austria",123,5941.23,374
"256",56,"female","austria",122,737.39,4882.79
"257",39,"female","austria",122,4486.3,2262.22
"258",57,"female","austria",122,8142.97,3795.28
"259",31,"female","austria",122,6.72,3164
"260",39,"female","germany",122,413.38,2556.27
"261",47,"female","germany",122,4379.38,3327.75
"262",48,"female","germany",122,8527.58,4129.19
"263",23,"female","austria",121,6163.63,1646.18
"264",38,"male","poland",121,3768.25,686.25
"265",39,"female","austria",121,5221.78,1561.8
"266",31,"female","austria",121,6917.9,4425.9
"267",49,"female","germany",121,6896.15,3187.78
"268",34,"male","austria",121,463,1671.69
"269",65,"female","austria",121,5644.52,2256.18
"270",47,"female","germany",121,1543.57,3663.7
"271",53,"female","austria",121,634.87,2347.47
"272",56,"female","austria",121,7369.32,297.3
"273",29,"female","austria",12,7517.1,412.64
"274",35,"male","austria",12,4632.75,168.82
"275",46,"female","austria",12,5354.6,328.74
"276",42,"female","germany",12,9532.8,7413.26
"277",26,"female","austria",12,646.7,247.61
"278",51,"female","germany",119,7983.59,4933.52
"279",31,"female","austria",119,7222.62,532.99
"280",45,"female","austria",119,7334.59,33.97
"281",21,"female","poland",118,1816.29,1145.47
"282",36,"female","austria",118,8348.97,4765.99
"283",52,"female","germany",118,7293.49,4963.42
"284",31,"female","austria",118,739.17,468.39
"285",42,"male","poland",118,1314.13,6977.66
"286",39,"female","austria",118,5427.25,25.7
"287",37,"female","austria",117,5798.23,3324.25
"288",27,"female","austria",117,638.59,366.57
"289",46,"female","austria",117,7833.14,456.35
"290",25,"male","germany",117,9836.24,71.99
"291",33,"female","germany",116,5833.8,395.76
"292",37,"female","germany",116,5272.43,3252.71
"293",45,"female","germany",116,6918.32,3618.3
"294",35,"male","germany",116,992.84,7999.14
"295",43,"female","germany",116,5717.53,496.84
"296",45,"female","poland",116,5256.26,3143.58
"297",57,"female","germany",116,5994.22,4933.37
"298",57,"female","austria",116,5765.72,159.87
"299",49,"female","germany",115,8383.85,5527.72
"300",48,"female","austria",115,797.66,215.42
"301",52,"female","austria",115,578.73,197.47
"302",32,"female","austria",115,6613.68,283.95
"303",47,"female","austria",115,823.64,361.4
"304",32,"female","austria",115,6431.85,3665.98
"305",52,"female","germany",115,6299.6,3612.4
"306",38,"female","germany",115,5622.72,3985.86
"307",29,"female","austria",115,7787.56,3678.94
"308",33,"female","austria",115,587.9,2866.42
"309",41,"female","germany",115,2321.3,124.58
"310",49,"female","austria",114,7461.24,3849.98
"311",36,"female","germany",114,9326.86,7126.11
"312",38,"female","germany",114,2339.69,196.67
"313",44,"female","austria",114,963.43,513.41
"314",42,"female","austria",114,4828.82,2432.83
"315",47,"female","germany",114,75.86,557.41
"316",57,"female","germany",114,5724.52,2158.2
"317",51,"female","germany",114,1665.46,3924.83
"318",42,"female","germany",114,4649.57,3443.98
"319",55,"female","germany",113,7776.16,5343.96
"320",42,"female","germany",113,922.35,6989.17
"321",28,"female","germany",113,5957.78,4469.62
"322",54,"female","germany",113,5335.97,3455.37
"323",33,"male","germany",113,828.66,4823.81
"324",51,"female","germany",113,5723.6,2335.11
"325",33,"male","austria",113,5975.88,2212.57
"326",27,"female","austria",113,4177.7,2578.32
"327",53,"female","germany",113,4851.81,2794.95
"328",34,"female","austria",113,557.38,2929.85
"329",38,"female","austria",113,663.11,2481.2
"330",29,"female","germany",113,44.5,2755.67
"331",39,"male","austria",113,4689.77,1523.29
"332",48,"female","germany",113,4286.47,2321.96
"333",18,"male","germany",113,92.63,1557.2
"334",58,"female","germany",113,16824.55,13821.6
"335",57,"female","germany",112,8483.91,4711.3
"336",33,"female","austria",112,4646.17,1487.9
"337",41,"female","austria",112,9945.19,5166.14
"338",41,"female","austria",112,8892.5,457.47
"339",31,"male","germany",112,12767.43,1113.64
"340",54,"female","germany",112,421.75,1469.91
"341",39,"female","germany",112,24964.28,21562.75
"342",27,"female","germany",112,4156.79,733.94
"343",39,"female","austria",112,6932.2,316.93
"344",41,"male","germany",112,3931.26,1779.57
"345",52,"female","germany",112,3885.2,3364.8
"346",54,"female","poland",112,7927.75,3225.21
"347",33,"male","germany",112,11553.86,5465.47
"348",39,"female","austria",111,4389.23,2416.4
"349",37,"female","germany",111,479.14,3882.49
"350",43,"female","germany",111,5974.88,5251.37
"351",34,"female","germany",111,1296.67,8428.15
"352",39,"female","germany",111,553.7,4474.96
"353",43,"female","austria",111,4251.18,1334.44
"354",51,"female","austria",111,6375.96,2524.98
"355",56,"female","germany",111,6378.18,5134.44
"356",43,"female","germany",111,982.15,8176.81
"357",31,"female","austria",111,6429.4,394.17
"358",45,"female","austria",111,6743.79,2936.63
"359",33,"female","austria",111,4549.97,238.84
"360",25,"female","austria",11,5811.29,2679.15
"361",51,"female","germany",11,5226.87,3485.25
"362",32,"female","germany",11,6578.98,357.31
"363",39,"female","germany",11,6366.89,4923.6
"364",53,"female","germany",11,7177.16,4264.36
"365",46,"female","germany",11,47.84,2755.4
"366",29,"male","austria",11,5176.21,179.18
"367",28,"female","austria",11,172.77,5448.47
"368",32,"male","austria",11,5941.86,1767.94
"369",46,"female","germany",19,492.38,319.34
"370",47,"male","austria",19,4464.7,181.26
"371",54,"female","germany",19,6866.86,2757.48
"372",27,"female","germany",19,5539.91,919.95
"373",36,"female","germany",19,479.61,3463.7
"374",32,"female","austria",19,3455.76,288.4
"375",29,"female","germany",19,12579.95,1924.41
"376",47,"female","austria",19,6692.8,2171.52
"377",38,"female","germany",19,4196.44,3163.16
"378",42,"female","germany",18,333.4,2154.86
"379",47,"female","germany",18,4523.37,1498.9
"380",42,"female","germany",18,7327.51,5524.83
"381",27,"female","austria",18,512.2,1465.78
"382",36,"female","austria",18,7562.29,491.33
"383",45,"female","austria",18,5961.67,3199.99
"384",43,"female","germany",18,7782.92,4974.46
"385",57,"female","germany",18,621.6,3862.78
"386",54,"female","germany",18,5671.84,2369.63
"387",25,"male","austria",18,667.11,5986.54
"388",46,"female","austria",17,674.17,2979.21
"389",31,"female","austria",17,7214.84,2424.91
"390",47,"female","germany",17,639.38,3812.64
"391",52,"male","germany",17,6885.5,2259.79
"392",39,"female","germany",17,1122.2,898.9
"393",53,"female","germany",17,846.34,4519.82
"394",49,"female","austria",17,7442.95,3577.84
"395",58,"female","netherlands",17,1453.93,892.17
"396",46,"female","austria",17,5936.27,264.17
"397",41,"female","germany",17,3662.67,1858.14
"398",54,"female","germany",17,4854.49,2513.42
"399",48,"female","austria",17,1986.1,6123.99
"400",45,"female","germany",17,725.93,455.4
"401",44,"female","germany",17,4763.62,3197.5
"402",33,"female","austria",16,723.43,3974.81
"403",46,"female","germany",16,4763.71,21.86
"404",31,"male","germany",16,229.14,1135.3
"405",54,"female","germany",16,88.87,433.8
"406",38,"female","germany",16,4214.88,2425.28
"407",26,"female","austria",16,5632.3,2859.57
"408",27,"female","austria",16,599.86,234.63
"409",46,"female","germany",16,8337.83,5516.19
"410",51,"female","austria",16,4328.61,2189.94
"411",43,"female","germany",16,9758.43,9133.51
"412",59,"female","austria",16,662.93,286.13
"413",53,"female","austria",16,8216.52,3728.44
"414",54,"female","germany",16,8195.94,5734.34
"415",47,"female","austria",16,7433.2,3854.35
"416",36,"female","germany",15,2591.12,98.77
"417",48,"female","germany",15,11668.13,6529.46
"418",55,"female","germany",15,7393.2,3764.62
"419",41,"female","germany",15,4338.51,313.31
"420",64,"female","germany",15,311.75,2611.96
"421",45,"female","austria",15,4519.85,1992.37
"422",41,"female","germany",15,4919.19,2862.67
"423",44,"female","austria",15,569.61,332.17
"424",38,"female","poland",15,11741.76,7471.92
"425",48,"female","germany",14,8353.99,5795.99
"426",36,"female","germany",14,8875.13,723.65
"427",53,"female","germany",14,8952.3,6811.51
"428",31,"female","germany",14,3285.83,1173.9
"429",54,"female","austria",14,6457.57,289.21
"430",53,"female","austria",14,5356.87,299.91
"431",53,"male","austria",13,527.7,1568.27
"432",51,"female","austria",13,522.16,1642.11
"433",49,"female","germany",13,438.76,2374.51
"434",48,"female","germany",13,7937.9,4339.92
"435",34,"female","austria",13,492.73,1622.37
"436",48,"female","germany",13,472.36,2769.24
"437",28,"female","austria",13,5876.5,2312.99
"438",47,"female","austria",13,6122.3,2233.56
"439",25,"female","austria",13,6451.14,1173.58
"440",37,"female","austria",13,837.73,5918.7
"441",43,"female","austria",13,6231.37,3185.16
"442",58,"female","germany",13,9433.46,4512.61
"443",46,"female","germany",12,6568.42,3752.75
"444",52,"female","poland",12,3255.5,2491.92
"445",29,"male","austria",12,7182.42,35.88
"446",58,"male","austria",12,5194.98,3777.38
"447",56,"female","poland",12,3611.86,2114.57
"448",31,"female","germany",12,755.63,5177.72
"449",26,"female","austria",12,5119.61,3135.59
"450",55,"female","germany",12,7696.27,473.24
"451",57,"male","germany",12,9839.48,5559.87
"452",33,"female","germany",12,496.42,2949.11
"453",28,"male","austria",12,4667.5,2772.14
"454",51,"female","austria",12,7859.66,2641.46
"455",53,"female","germany",12,568.5,385.93
"456",43,"female","austria",12,6593.67,2482.14
"457",44,"female","austria",12,5415.94,3467.22
"458",39,"female","germany",11,3591.8,2637.7
"459",49,"female","germany",11,3869.59,2775.1
"460",49,"female","netherlands",11,589.73,4458.96
"461",55,"female","austria",11,432.2,254.3
"462",34,"female","austria",11,7634.5,2326.19
"463",57,"female","austria",11,4281.17,15.25
"464",52,"female","germany",11,7773.53,6212.5
"465",33,"female","austria",11,544.99,2468.17
"466",54,"female","austria",11,67.47,2857.69
"467",32,"female","austria",11,768.54,397.99
"468",42,"female","germany",11,5226.59,3438.77
"469",41,"female","austria",11,127.89,3253.1
"470",29,"male","germany",11,2392.12,217.96
"471",53,"female","germany",11,4457.62,1798.62
"472",37,"female","austria",11,4949.52,2449.28
"473",32,"female","germany",1,4582.6,2975.21
"474",43,"female","austria",1,6391.67,3412.7
"475",41,"female","germany",1,439.1,776.91
"476",32,"female","germany",1,592.15,495.96
"477",52,"female","germany",1,521.79,2282.45
"478",37,"female","germany",1,5626.72,3358.49
"479",32,"female","germany",1,4934.32,2861.6
"480",49,"female","austria",1,6226.54,4677.92
"481",54,"female","germany",1,7198.5,3777.46
"482",54,"female","germany",1,9586.41,6463.28
"483",37,"female","austria",1,5939.54,3568.79
"484",47,"female","austria",1,5824.9,2855.6
"485",58,"female","austria",1,441.18,1553.49
"486",38,"female","austria",1,5989.98,3249.77
"487",28,"female","austria",1,4835.88,248.83
"488",35,"female","germany",1,7623.8,51.62
"489",26,"female","austria",1,6455.23,175.74
"490",33,"male","germany",99,592.67,3678.32
"491",37,"female","germany",99,3532.81,2455.65
"492",53,"female","germany",99,3951.38,221.93
"493",49,"female","austria",99,5448.49,328.49
"494",61,"female","germany",99,5113.3,284.93
"495",45,"female","germany",99,2378.6,1622.94
"496",46,"female","germany",99,5967,3394.97
"497",44,"female","germany",99,6393.69,4722.39
"498",27,"female","austria",99,7379.61,3261.91
"499",47,"female","germany",99,453.3,2868.99
"500",24,"female","austria",99,4558.48,2237.24
"501",55,"female","germany",99,5487.42,1943.67
"502",32,"female","germany",99,2122.21,1686.29
"503",54,"female","germany",98,6353.11,3276.4
"504",44,"female","germany",98,6484.21,4447.38
"505",48,"female","germany",98,4714.62,2824.96
"506",32,"female","austria",98,6671.63,2773.58
"507",26,"female","austria",98,5883.5,345.47
"508",41,"male","austria",98,62.11,3424.36
"509",33,"female","austria",98,6634.2,3599.4
"510",46,"female","germany",98,4649.36,2282.25
"511",48,"female","germany",98,7273.17,5161.93
"512",41,"female","germany",98,3999.72,315.87
"513",48,"female","austria",98,6969.72,2593.9
"514",55,"female","austria",98,6831.1,5358.95
"515",53,"female","germany",98,981.56,868.86
"516",54,"female","germany",98,739.71,5451.87
"517",64,"female","germany",98,5672.1,3494.12
"518",57,"female","germany",98,6654.93,423.1
"519",33,"female","austria",98,2898.56,873.31
"520",49,"female","germany",98,6352.3,44.99
"521",29,"female","austria",98,6317.4,3151.44
"522",49,"male","germany",98,4451.86,2533.45
"523",37,"female","germany",98,2394.79,1399.35
"524",42,"female","germany",98,4644.1,2912.22
"525",29,"female","austria",97,7692.77,2976.89
"526",44,"female","germany",97,3134.48,1774.84
"527",32,"male","austria",97,5383.97,2372.64
"528",49,"female","austria",97,595.9,1557.41
"529",59,"female","germany",97,799.3,287.76
"530",25,"female","austria",97,6951.59,3188.79
"531",45,"female","austria",97,3738.98,1322.48
"532",41,"female","austria",97,5491.33,3287.4
"533",32,"female","austria",97,4953.22,2632.31
"534",56,"female","germany",97,2443.24,1947.79
"535",55,"female","germany",97,617.53,2621.78
"536",37,"female","germany",97,463.14,326.46
"537",45,"female","austria",97,696.86,3784.24
"538",55,"female","germany",96,363.69,1851.15
"539",41,"female","germany",96,4725.2,232.2
"540",28,"female","austria",96,4855.9,2241.1
"541",39,"female","austria",96,4539.12,272.39
"542",29,"male","austria",96,5869.45,132.21
"543",44,"female","germany",96,4993.73,2676.86
"544",57,"female","germany",96,442.12,1994.28
"545",44,"female","germany",96,5217.33,3773.13
"546",43,"female","austria",96,5142.55,1632.11
"547",48,"female","germany",96,41.66,328.64
"548",28,"female","germany",96,2439.59,25.77
"549",44,"female","germany",96,5132.24,2396.41
"550",31,"male","germany",96,634.25,4878.74
"551",28,"female","germany",96,6473.72,5698.44
"552",34,"male","austria",96,76.94,381.9
"553",38,"female","germany",96,16924.2,12654.8
"554",29,"female","germany",96,2767.49,1293.3
"555",62,"female","germany",96,6162.5,3435.7
"556",41,"male","austria",96,371.94,1289.2
"557",49,"female","germany",95,1664.45,115.12
"558",39,"male","germany",95,7251.47,48
"559",31,"female","germany",95,5819.15,399.17
"560",54,"female","austria",95,5759.13,214.54
"561",42,"female","austria",95,5238.52,191.61
"562",27,"female","germany",95,2717.75,2192.46
"563",39,"female","germany",95,6144.94,832.91
"564",37,"male","austria",95,5295.99,382.91
"565",52,"female","germany",95,3867.45,229.56
"566",39,"female","austria",95,4855.42,1882.64
"567",41,"female","germany",95,2852.6,1464.51
"568",45,"female","germany",95,496.34,281.97
"569",29,"female","germany",95,6619.28,4453.27
"570",48,"female","germany",95,7261.54,3475.28
"571",38,"female","germany",95,393.4,1722.18
"572",41,"female","austria",95,6848.13,4525.65
"573",36,"female","austria",95,3557.13,1836.61
"574",44,"female","poland",94,349.83,19.25
"575",46,"female","germany",94,5288.4,325.54
"576",25,"female","germany",94,12156.68,265.48
"577",53,"male","germany",94,6814.54,4537.37
"578",48,"female","germany",94,6464.95,1735.8
"579",43,"female","austria",94,5285.12,2217.79
"580",33,"female","austria",94,648.23,3657.7
"581",53,"female","austria",94,568.48,262.68
"582",25,"female","germany",94,4417.2,1457.25
"583",44,"female","poland",94,81.95,1821.37
"584",41,"female","austria",94,5899.46,3671.96
"585",42,"male","germany",94,449.73,2322.31
"586",32,"female","germany",94,2658.4,1825.38
"587",54,"female","germany",93,5494.25,3973.55
"588",32,"female","germany",93,5513.17,4132.83
"589",54,"female","poland",93,274.37,1631.66
"590",46,"female","germany",93,15431.55,5993.34
"591",26,"male","germany",93,3586.25,2632.8
"592",42,"female","germany",93,4828.9,2277.46
"593",37,"female","germany",93,3926.7,2253.6
"594",28,"female","austria",93,6173.9,3956.27
"595",58,"female","germany",93,844.7,488.56
"596",29,"female","germany",93,424.27,1429.34
"597",61,"female","germany",93,9743.66,8166.9
"598",37,"female","germany",93,4587.17,448.53
"599",33,"male","germany",93,3825.96,239.91
"600",44,"female","germany",93,433.21,2638.44
"601",51,"female","germany",93,5256.71,3633.48
"602",41,"female","austria",93,567.15,386.32
"603",23,"female","germany",93,2648.15,989.99
"604",49,"female","germany",92,853.55,5352.2
"605",45,"female","germany",92,372.38,228.9
"606",29,"female","germany",92,8313.6,566.35
"607",33,"female","germany",92,447.29,227.77
"608",38,"female","austria",92,281.2,1869.8
"609",45,"female","austria",92,532.36,1886.64
"610",32,"female","germany",92,4289.52,198.18
"611",53,"female","austria",92,65.6,2985.18
"612",31,"female","germany",92,6993.42,4327.4
"613",33,"male","austria",92,3698.45,328.43
"614",47,"female","germany",92,454.36,215.7
"615",56,"female","germany",92,523.48,2777.9
"616",34,"female","austria",92,3876.7,1763.74
"617",43,"female","germany",92,814.56,4152.53
"618",32,"female","austria",92,5721.87,2581.68
"619",33,"female","germany",92,3937.48,3336.65
"620",54,"female","germany",91,4674.6,1354.9
"621",32,"female","germany",91,51.69,3436.77
"622",58,"female","germany",91,3186.9,1367.76
"623",71,"female","germany",91,9968.3,6724.9
"624",48,"female","poland",91,875.18,579.54
"625",52,"female","germany",91,5961.81,3642.38
"626",58,"female","germany",91,4842.9,171.95
"627",49,"female","germany",91,8672.1,6224.95
"628",31,"female","austria",91,1716.6,769.55
"629",27,"female","germany",91,4643.23,2683.67
"630",41,"female","germany",91,337.44,2373.63
"631",42,"female","germany",91,6671.75,4137.32
"632",47,"female","germany",91,2121.21,1565.24
"633",47,"female","germany",91,3623.89,2684.97
"634",42,"female","austria",91,4988.36,2453.32
"635",35,"female","austria",91,5197.13,2345.29
"636",25,"female","austria",91,4579.57,192.96
"637",32,"female","austria",91,3957.14,1438.16
"638",28,"female","austria",91,4383.95,2235.6
"639",32,"male","austria",91,5977.44,353.42
"640",42,"male","austria",91,6672.45,2435.4
"641",55,"female","germany",91,6834.9,5563.35
"642",28,"female","austria",91,47.19,1947.61
"643",32,"female","germany",91,3645.9,2667.33
"644",54,"female","germany",91,48.18,3313.84
"645",44,"female","germany",91,651.21,4616.77
"646",38,"female","austria",9,4852.5,1923.45
"647",52,"male","germany",9,5664.1,295.78
"648",34,"female","germany",9,4316.1,3495.35
"649",38,"female","germany",9,441.26,2462.17
"650",28,"female","germany",9,1471.39,877.43
"651",73,"female","germany",9,3389.51,117.71
"652",47,"female","germany",9,6397.6,1983.86
"653",48,"female","germany",9,4871.95,313.24
"654",55,"female","austria",9,5541.59,2218.92
"655",48,"female","austria",9,4687.59,1723.24
"656",36,"female","austria",9,6634.39,4157.88
"657",38,"female","austria",9,451.93,1917.85
"658",29,"male","austria",9,3822.17,1115.38
"659",62,"female","germany",9,8657.84,7177.3
"660",56,"female","germany",9,758.6,3416.15
"661",44,"female","austria",9,4396.56,234.54
"662",35,"female","germany",9,5784.83,348.28
"663",45,"female","germany",9,6466.39,462.5
"664",45,"female","germany",9,4344.63,838.46
"665",56,"female","germany",9,6961.56,463.52
"666",28,"female","austria",9,5469.78,276.16
"667",56,"female","germany",9,7865.12,59.64
"668",44,"female","austria",9,6675.66,216.9
"669",53,"female","germany",9,6194.83,193.18
"670",38,"female","germany",9,5597.6,2745.56
"671",37,"female","germany",9,11668.44,6762.15
"672",53,"female","germany",9,6648.41,4175.78
"673",55,"female","germany",9,3146.5,2295.82
"674",39,"female","germany",9,4362.74,3522.29
"675",46,"female","germany",9,3848.93,2735.14
"676",47,"female","germany",89,5566.29,336.54
"677",52,"female","germany",89,628.23,4397.28
"678",32,"female","austria",89,6477.62,2768.69
"679",36,"female","germany",89,8182.43,7187.46
"680",53,"female","germany",89,6357.1,3484.14
"681",58,"female","germany",89,5723.61,3675.53
"682",32,"female","germany",89,4371.36,283.83
"683",53,"female","germany",89,5328.45,2442.95
"684",55,"female","germany",89,424.92,176.83
"685",36,"female","germany",89,276.31,139.85
"686",48,"male","germany",89,4852.41,128.9
"687",51,"female","germany",89,3945.61,219.89
"688",33,"female","austria",89,4582.18,2938.38
"689",41,"female","germany",89,4533.11,2173.55
"690",33,"female","germany",89,13214.46,777.75
"691",57,"female","germany",89,9325.11,3317.6
"692",51,"female","germany",89,4266.98,2199.84
"693",57,"female","austria",89,7234.32,4147.2
"694",49,"female","germany",89,7915.21,6277.89
"695",28,"female","germany",89,5947.56,5114.14
"696",39,"male","austria",89,5865.28,1755.47
"697",53,"female","germany",89,232.87,158.92
"698",55,"female","germany",89,5315.42,2498.31
"699",35,"female","germany",88,3762.46,2395.71
"700",32,"male","germany",88,837.76,461.33
"701",34,"female","germany",88,7285.96,564
"702",41,"female","austria",88,2389.22,1247.86
"703",43,"female","germany",88,481.52,4237.81
"704",57,"female","germany",88,6173.47,3872.62
"705",35,"female","austria",88,464.81,1479.98
"706",37,"female","austria",88,4838.79,252.61
"707",29,"female","germany",88,4471.11,258.15
"708",49,"female","germany",88,3226.51,876.1
"709",41,"female","germany",88,75.11,4859.43
"710",53,"female","germany",88,4941.59,349.5
"711",34,"female","austria",88,4657.4,2693.26
"712",52,"female","germany",88,664.18,2735.68
"713",29,"female","germany",88,5485.29,439.6
"714",55,"male","poland",88,1755.78,3441.28
"715",45,"female","germany",88,6434.99,417.16
"716",25,"female","germany",88,352.25,2798.8
"717",54,"male","germany",88,4727.96,221.34
"718",42,"female","austria",88,387.58,1594.7
"719",32,"female","germany",88,43.4,246.95
"720",58,"female","austria",88,5892.94,3198.14
"721",41,"female","austria",88,4772.63,1319.22
"722",52,"female","germany",88,4861.17,2517.9
"723",28,"male","germany",88,5965.11,3796.95
"724",36,"female","germany",88,517.81,4259.5
"725",35,"male","austria",88,5197.75,2469.1
"726",31,"female","germany",88,3369.12,316.2
"727",46,"female","germany",88,3482.12,2152.89
"728",27,"female","austria",88,5421.7,3231.59
"729",41,"male","germany",88,7578.32,557.95
"730",42,"female","austria",88,5897.68,317.76
"731",55,"female","germany",87,7584.12,3666.63
"732",55,"female","austria",87,6362.32,3418.87
"733",69,"female","germany",87,762.67,4521.52
"734",49,"female","germany",87,5934.62,2662.47
"735",44,"female","germany",87,355.72,23.95
"736",36,"female","austria",87,4668.13,1718.65
"737",53,"female","germany",87,3729.71,1867.45
"738",47,"female","austria",87,4322.34,1355.84
"739",33,"female","austria",87,4264.45,199.8
"740",43,"male","germany",87,2463.33,1522.82
"741",56,"female","germany",87,6352.13,3329.52
"742",48,"female","austria",87,6754.99,3567.49
"743",63,"female","austria",87,563.73,3735.1
"744",51,"female","austria",87,749.11,1769.8
"745",53,"female","netherlands",87,2534.71,1675.27
"746",56,"female","germany",87,7162.32,4197.68
"747",47,"female","austria",87,5687.87,367.61
"748",44,"male","germany",87,2896.13,129.59
"749",51,"female","austria",87,5516.76,1885.99
"750",64,"female","austria",87,4929.79,1966.17
"751",48,"female","austria",87,3413.11,189.7
"752",39,"male","germany",87,6373.44,3459.2
"753",46,"female","austria",87,535.7,1784.41
"754",45,"female","poland",87,217.9,62.94
"755",28,"female","germany",87,6149.51,4356.81
"756",47,"male","austria",87,4746.23,1266.8
"757",52,"male","austria",87,5181.16,1914.7
"758",25,"female","austria",87,7293.9,3982.57
"759",53,"female","germany",87,3266.6,1178
"760",56,"female","germany",87,3447.1,1822.91
"761",26,"female","austria",86,655.27,3234.68
"762",42,"female","austria",86,3471.52,75.9
"763",64,"female","germany",86,4112.74,3125.65
"764",35,"female","austria",86,3517.9,1857.88
"765",29,"female","germany",86,574.31,556.92
"766",51,"female","germany",86,5329.44,449.4
"767",43,"female","austria",86,5895.64,3484.65
"768",25,"female","austria",86,7262.94,3663.42
"769",27,"female","germany",86,6663.64,3559.51
"770",59,"female","austria",86,1786.45,984.58
"771",34,"female","germany",86,556.64,4583.8
"772",54,"female","germany",86,5239.92,2652.86
"773",52,"female","germany",86,4781.4,3461.2
"774",33,"male","austria",86,2579.94,591.6
"775",25,"female","germany",86,2233.14,126.62
"776",59,"female","austria",86,5945.11,2741.52
"777",48,"female","germany",86,8462.72,6553.42
"778",35,"female","germany",86,4451.33,36.53
"779",38,"female","austria",86,3955.16,2199.5
"780",52,"female","austria",86,4424.12,1132.87
"781",37,"female","poland",86,1776.23,241.59
"782",52,"female","germany",86,2332.64,1273.95
"783",27,"female","austria",86,4193.34,1661.74
"784",24,"female","austria",86,3958.96,1721.27
"785",31,"female","germany",86,3682.59,312.4
"786",36,"female","germany",86,3418.94,2331.12
"787",49,"female","germany",85,3866.42,2935.88
"788",39,"female","austria",85,711.41,3692.51
"789",55,"female","germany",85,7351.75,3959.59
"790",53,"female","austria",85,5152.79,1739.85
"791",48,"female","germany",85,4944.14,3233.78
"792",62,"female","austria",85,3575.24,1732.54
"793",55,"female","austria",85,5731.8,192.27
"794",64,"female","germany",85,1962.78,16641.75
"795",47,"female","germany",85,5181.71,3284.15
"796",38,"female","austria",85,4377.19,2118.23
"797",41,"female","germany",85,2523.33,1283.68
"798",35,"female","germany",85,339.94,1155.75
"799",57,"female","austria",85,4191.65,779.3
"800",65,"female","germany",85,3691.94,2534.11
"801",28,"female","germany",85,4789.89,297.99
"802",34,"male","germany",85,1393.15,1469.96
"803",43,"female","germany",85,3587.84,157.62
"804",42,"female","germany",85,5327.63,367.59
"805",26,"male","austria",85,4182.64,22.47
"806",48,"female","germany",85,8919.33,6464.53
"807",27,"male","austria",85,3817.94,868.85
"808",49,"male","austria",85,675.57,3329.69
"809",37,"female","germany",84,3779.95,2442.75
"810",54,"female","germany",84,597.49,3551.67
"811",31,"male","germany",84,2853.36,2169.76
"812",35,"female","germany",84,2699.9,1164.6
"813",29,"male","austria",84,6384.68,4284.86
"814",61,"female","germany",84,11179.93,1991.12
"815",26,"female","austria",84,6525.56,373.3
"816",42,"male","germany",84,4444.31,3116.73
"817",56,"female","poland",84,3571.57,1696.84
"818",48,"female","germany",84,664.5,42.92
"819",53,"female","germany",84,278.25,1688.41
"820",46,"female","germany",84,4325.36,35.88
"821",37,"female","germany",84,3211.5,1811.1
"822",61,"female","poland",84,2672.86,687.21
"823",33,"female","austria",84,47.34,186.87
"824",35,"female","germany",84,213.66,1629.1
"825",57,"female","austria",84,4674.29,988.99
"826",36,"female","austria",84,5866.15,3269.65
"827",35,"female","austria",84,5632.34,2282.11
"828",35,"female","germany",84,3382.4,149.1
"829",36,"female","germany",84,2226.36,984.4
"830",37,"female","austria",83,564.96,46.76
"831",32,"female","austria",83,5244.56,3632.25
"832",41,"female","germany",83,4443.61,2625.15
"833",43,"female","germany",83,4596.17,195.51
"834",28,"female","austria",83,5657.38,3617.59
"835",37,"male","austria",83,4911.51,1295.57
"836",41,"female","germany",83,259.58,522.96
"837",28,"female","germany",83,4871.34,1972.81
"838",36,"male","austria",83,392.2,255.52
"839",51,"female","austria",83,585.71,2387.82
"840",33,"female","austria",83,4996.39,256.75
"841",39,"female","germany",83,4277.97,1469.5
"842",58,"female","austria",83,477.1,227.64
"843",39,"female","germany",83,5.44,4337.69
"844",54,"female","germany",83,1858.23,993.87
"845",47,"male","poland",83,2325.38,1156.62
"846",56,"female","germany",83,5576.16,2261.79
"847",48,"female","germany",83,262.75,1797.8
"848",48,"female","germany",83,4614.14,4179.37
"849",46,"female","austria",83,4632.36,154.28
"850",37,"female","germany",83,4.51,3326.32
"851",43,"female","germany",83,3513.14,1666.88
"852",52,"female","germany",83,7769.29,4421.11
"853",45,"female","austria",83,445.72,3167.89
"854",34,"male","germany",83,3587.57,172.17
"855",31,"female","austria",83,4735.2,293.46
"856",41,"female","austria",83,467.92,2438.5
"857",32,"female","germany",83,3398.17,1743.74
"858",33,"female","austria",83,5643.66,1575.65
"859",42,"female","germany",83,424.15,1915.84
"860",31,"female","germany",82,7881.87,4786.72
"861",38,"female","austria",82,4475.17,2821.52
"862",45,"male","austria",82,465.67,1591.78
"863",39,"male","germany",82,12531.51,6698.94
"864",46,"female","germany",82,523.31,19.76
"865",44,"female","austria",82,33.48,2293.8
"866",35,"female","germany",82,5474.48,3777.72
"867",39,"female","germany",82,337.78,1974.14
"868",32,"female","germany",82,6185.58,443.25
"869",44,"female","austria",82,621.55,3369
"870",51,"female","germany",82,145.26,7389.76
"871",57,"female","germany",82,2134.78,127.46
"872",55,"female","germany",82,5766.1,1878.16
"873",37,"female","germany",82,3181.18,248.49
"874",33,"female","germany",82,3943.42,1496.35
"875",32,"female","germany",82,342.7,1224.47
"876",64,"female","austria",82,4241.49,2343.62
"877",52,"female","germany",82,6115.17,3598.11
"878",29,"female","austria",82,731.49,3869.44
"879",39,"male","austria",82,3949.17,63.95
"880",71,"female","germany",82,296.68,2324.41
"881",47,"female","austria",82,393.83,147.3
"882",31,"female","austria",82,542.83,2428.11
"883",33,"female","germany",82,4472.36,3789.63
"884",39,"female","germany",82,665.51,2279.74
"885",33,"female","germany",82,6224.77,4116.57
"886",31,"female","germany",82,3545.54,1925.26
"887",46,"female","germany",82,2697.67,187.36
"888",45,"female","germany",82,7235.59,3927.89
"889",52,"female","germany",82,6969.2,4114.75
"890",33,"female","germany",82,11959.84,579.35
"891",39,"female","germany",81,3643.18,238.55
"892",35,"female","austria",81,5469.39,1585.28
"893",44,"female","germany",81,324.71,239.16
"894",37,"male","germany",81,627.99,3221.99
"895",36,"male","austria",81,3788.24,1114.52
"896",63,"female","germany",81,4135.19,2191.59
"897",55,"female","germany",81,2882.14,1714.11
"898",28,"male","austria",81,3852.75,46.69
"899",71,"female","germany",81,3438.51,238.9
"900",39,"female","germany",81,3115.15,281.33
"901",54,"female","germany",81,4515.93,2419.97
"902",39,"female","germany",81,3792.1,181.95
"903",41,"female","germany",81,6426.37,4744.22
"904",34,"female","austria",81,378.39,199.2
"905",59,"female","germany",81,5838.31,3298.67
"906",53,"female","austria",81,4261.53,1812.41
"907",52,"female","austria",81,421.49,1954.42
"908",54,"female","austria",81,4281.8,1156.81
"909",47,"female","germany",81,7521.49,5265.28
"910",56,"female","germany",81,5724.28,3665
"911",55,"female","germany",81,437.99,3364.42
"912",43,"female","austria",81,4721.3,285.44
"913",37,"male","germany",81,2341.95,993.79
"914",41,"female","austria",81,5949.67,256.84
"915",47,"male","austria",81,5413.57,1362.9
"916",54,"female","germany",81,7641.19,6541.32
"917",45,"female","austria",81,3839.21,1788.32
"918",33,"female","germany",81,287.77,2271.97
"919",52,"female","germany",81,3698.8,2168.89
"920",28,"female","austria",81,5737.13,294.68
"921",52,"female","germany",81,5137.99,3112.43
"922",39,"female","germany",81,749.59,365.32
"923",22,"male","germany",81,229.19,1982.35
"924",44,"female","germany",81,3254.44,2271.7
"925",32,"female","germany",81,2383.67,1333.5
"926",45,"male","germany",81,3554.69,332.2
"927",54,"female","austria",8,336.29,1346.82
"928",45,"female","germany",8,5921.33,2496.27
"929",52,"female","austria",8,5641.8,2477
"930",31,"female","germany",8,5937.15,462.43
"931",31,"female","austria",8,3841.4,173.8
"932",41,"female","germany",8,633.4,3174.62
"933",42,"female","germany",8,3746.24,147.53
"934",33,"female","austria",8,5974.59,382.9
"935",58,"female","germany",8,424.38,315.8
"936",58,"female","austria",8,4847.15,1319.31
"937",57,"female","austria",8,368.53,1735.16
"938",37,"female","germany",8,1637.57,87.91
"939",32,"female","germany",8,5896.9,3649.21
"940",34,"male","germany",8,5686.8,287.96
"941",51,"female","austria",8,3899.94,1559.61
"942",36,"female","austria",8,4235.6,134.11
"943",42,"female","germany",8,4481.3,1784.17
"944",51,"male","germany",8,3463.2,978.73
"945",47,"female","austria",8,498.55,2612.47
"946",52,"female","germany",8,6522.79,4475.51
"947",28,"male","austria",8,1516.6,154.81
"948",45,"female","austria",8,2863.2,418.87
"949",47,"female","germany",8,333.38,158.51
"950",42,"female","germany",8,361.97,1925.54
"951",36,"female","germany",8,4839.78,3224.2
"952",49,"female","germany",8,4558.17,2344.57
"953",65,"female","germany",8,212.5,366.66
"954",61,"female","netherlands",8,2941.85,259.52
"955",58,"female","germany",8,3464.7,225.57
"956",51,"female","austria",8,4999.3,225.61
"957",57,"female","germany",8,582.5,185.9
"958",28,"female","austria",8,4831.27,2369.75
"959",44,"female","germany",79,4799.46,224.64
"960",46,"male","austria",79,469.61,211.7
"961",35,"male","germany",79,999.31,612.15
"962",48,"female","germany",79,3267.6,1369.91
"963",35,"female","germany",79,193.91,622.9
"964",54,"male","germany",79,4769.49,111.3
"965",31,"male","austria",79,424.25,952.85
"966",59,"female","germany",79,725.46,4611.36
"967",47,"male","germany",79,1885.86,388.3
"968",49,"female","germany",79,6653.36,3679.93
"969",44,"female","germany",79,415.4,2862.54
"970",35,"female","germany",79,4657.41,3186.6
"971",52,"female","germany",79,5787.35,3636.7
"972",36,"female","germany",79,727.86,3866.68
"973",37,"female","austria",79,3745.41,1525.31
"974",54,"female","austria",79,4977.72,2134.24
"975",32,"female","germany",79,3276.21,2653.46
"976",43,"female","germany",79,355.29,355.42
"977",51,"female","germany",79,3431.81,192.73
"978",36,"female","germany",79,689.85,4975.7
"979",41,"female","germany",79,5672.7,1961.28
"980",32,"male","germany",79,794.6,3414.66
"981",32,"female","austria",79,4638.16,265.98
"982",42,"female","austria",79,3486.9,1699.16
"983",56,"female","austria",79,4997.58,2631.66
"984",37,"female","austria",79,589.96,2565.1
"985",48,"female","austria",79,5136.63,1326.28
"986",34,"female","germany",79,3654,246.9
"987",57,"female","germany",79,2922.61,93.14
"988",45,"female","germany",79,3874.9,1823.92
"989",58,"female","germany",79,4617.1,3522.54
"990",41,"male","germany",79,2378.34,113.28
"991",42,"female","poland",79,1994.72,1219.56
"992",36,"male","germany",79,2428.38,1143.6
"993",31,"male","germany",79,325.46,143.21
"994",25,"female","austria",79,5539,234.35
"995",42,"female","germany",79,2729.35,174.93
"996",48,"female","germany",79,3539.46,1154.13
"997",58,"female","germany",79,3773.39,122.95
"998",28,"female","germany",79,7615.28,397.22
"999",44,"male","poland",79,1724.87,1123.17
"1000",35,"male","austria",79,5167.76,2179.12
"1001",42,"female","poland",79,859.23,3422.57
"1002",34,"male","germany",78,13411.43,519.48
"1003",37,"female","germany",78,1971.39,1148.66
"1004",38,"female","germany",78,3737.11,2293.2
"1005",51,"male","germany",78,8483.92,3356.76
"1006",47,"female","austria",78,3255.32,866.31
"1007",45,"female","austria",78,1591.47,778.58
"1008",31,"female","germany",78,542.47,3894.24
"1009",55,"female","germany",78,756.51,518.94
"1010",49,"female","austria",78,5856.19,1167.85
"1011",44,"female","austria",78,471.95,2556.5
"1012",36,"female","germany",78,3731.92,385.28
"1013",52,"female","germany",78,1986.71,755.76
"1014",33,"male","germany",78,2734.22,2322.57
"1015",43,"male","germany",78,11232.56,6353.3
"1016",54,"female","germany",78,3947.6,1328.27
"1017",57,"female","germany",78,4136.75,2589.23
"1018",33,"female","germany",78,1477.53,14.21
"1019",43,"female","germany",78,4142.96,1846.72
"1020",33,"female","germany",78,3384.95,218.7
"1021",55,"female","germany",78,7847.5,3655.84
"1022",55,"female","germany",78,3623.22,251.56
"1023",32,"male","germany",78,1166.57,532.32
"1024",41,"female","germany",78,3285.69,1721.16
"1025",48,"female","austria",78,5458.83,2992.88
"1026",37,"female","austria",78,2788.6,1555.14
"1027",52,"female","austria",78,542.22,244.87
"1028",43,"female","germany",78,33.22,18.82
"1029",28,"female","austria",78,5344.5,3146.21
"1030",38,"female","germany",78,4991.37,21.97
"1031",49,"female","germany",78,621.44,4668.15
"1032",58,"female","austria",78,335.7,1454.87
"1033",85,"female","austria",78,1827.2,998.98
"1034",33,"female","germany",78,2953.61,1928.73
"1035",34,"female","austria",78,4153.66,1648.55
"1036",47,"female","austria",78,6859.34,257.88
"1037",65,"female","germany",78,451.5,3563.87
"1038",36,"female","germany",78,11339.15,1642.22
"1039",42,"female","germany",78,9265.22,683.41
"1040",45,"female","germany",78,4115.22,2989.41
"1041",31,"female","austria",78,2977.41,213.37
"1042",46,"female","germany",78,3935.51,2537.79
"1043",35,"female","germany",77,83.2,5923
"1044",58,"female","germany",77,534.17,1772.95
"1045",44,"female","germany",77,266.95,135.25
"1046",26,"female","germany",77,5972.23,2542.16
"1047",55,"male","germany",77,8627.32,416
"1048",44,"male","austria",77,3157.42,722.84
"1049",53,"female","germany",77,337.81,1667.7
"1050",48,"female","germany",77,645.41,4726.68
"1051",58,"female","germany",77,211.87,1918.25
"1052",46,"female","germany",77,448.88,3332.54
"1053",32,"female","germany",77,2312.83,1315.88
"1054",47,"female","germany",77,725.62,438.59
"1055",31,"female","germany",77,3318.42,243.74
"1056",58,"female","germany",77,3211.59,2225.35
"1057",49,"female","austria",77,4336.52,1883.75
"1058",38,"female","austria",77,541.64,239.39
"1059",41,"male","germany",77,4719.43,214.89
"1060",54,"female","germany",77,326.81,1835.82
"1061",51,"female","germany",77,4854.98,26.94
"1062",31,"female","austria",77,3923,2548.46
"1063",27,"male","germany",77,632.93,1778.76
"1064",49,"female","austria",77,2879.54,1364.86
"1065",52,"female","germany",77,3934.53,265.26
"1066",47,"female","germany",77,5781.43,389.44
"1067",36,"female","austria",77,413.32,1451.57
"1068",32,"female","germany",77,3442.33,1928.55
"1069",36,"female","germany",77,3772.93,248.29
"1070",43,"female","germany",77,3693.43,2167.18
"1071",42,"female","germany",77,995.86,5262.6
"1072",45,"female","germany",76,3346.29,1575.31
"1073",47,"female","austria",76,5568.2,365.6
"1074",28,"female","germany",76,1623.74,998.31
"1075",37,"male","germany",76,1742.4,124.75
"1076",21,"male","austria",76,322.4,184.49
"1077",26,"female","austria",76,4363.88,278.68
"1078",47,"female","germany",76,4964.79,2225.81
"1079",58,"female","germany",76,4898.93,2626.1
"1080",59,"female","germany",76,4159.29,283.4
"1081",54,"female","germany",76,3217.24,1529.71
"1082",49,"female","germany",76,3112.24,1979.51
"1083",57,"female","germany",76,4339.21,1186.28
"1084",55,"female","germany",76,3344.69,296.85
"1085",61,"female","austria",76,3342.12,866.5
"1086",54,"female","germany",76,5976.68,2286.21
"1087",45,"female","germany",76,559.94,2824.65
"1088",53,"female","germany",76,61.71,3692.9
"1089",49,"female","germany",76,43.13,2255.22
"1090",53,"female","germany",76,2887.67,1645.9
"1091",53,"female","germany",76,2828.24,218.95
"1092",33,"female","germany",76,526.13,238.79
"1093",37,"female","germany",76,3246.73,1899.49
"1094",34,"female","germany",76,3281.38,219.39
"1095",53,"male","germany",76,2912.6,736.59
"1096",54,"female","germany",76,585.24,3649.53
"1097",41,"female","germany",76,1572.74,166.4
"1098",44,"female","austria",76,4821.22,1428.32
"1099",41,"female","germany",76,5429.24,387.54
"1100",58,"female","germany",76,486.76,24.26
"1101",41,"female","germany",76,3392.15,1445.28
"1102",55,"female","germany",76,5596.5,3444.7
"1103",57,"female","germany",76,3271.21,182.5
"1104",38,"female","germany",76,278.43,2165.44
"1105",57,"female","germany",76,4889.89,73.92
"1106",48,"male","austria",76,28.92,875.67
"1107",53,"female","germany",76,3751.1,1865.12
"1108",61,"female","germany",76,7617.75,4137.66
"1109",55,"female","germany",76,6661.78,4618.1
"1110",51,"female","germany",76,675.3,3441.72
"1111",53,"female","germany",76,42.68,2434.69
"1112",35,"male","germany",76,4519.73,183.49
"1113",46,"male","austria",75,4589.62,1574.79
"1114",54,"female","austria",75,41.31,945.33
"1115",34,"male","austria",75,3967.13,1655.13
"1116",35,"female","germany",75,5774.13,3119.62
"1117",57,"female","germany",75,4653.83,324.8
"1118",37,"female","germany",75,4621.65,2988.12
"1119",39,"male","germany",75,1893.65,135.17
"1120",43,"female","germany",75,412.54,256.82
"1121",28,"female","germany",75,2457.25,233.29
"1122",32,"female","germany",75,353.44,1939.31
"1123",61,"female","germany",75,251.85,1369.61
"1124",36,"female","germany",75,449.9,2383.77
"1125",46,"female","germany",75,3632.25,2411.77
"1126",44,"female","germany",75,4598.65,2356.65
"1127",41,"male","germany",75,661.8,4216.48
"1128",36,"female","germany",75,3932.52,1471.69
"1129",35,"female","austria",75,54.28,1762.4
"1130",45,"female","austria",75,3376.24,1354.7
"1131",51,"female","germany",75,3851.44,2654.21
"1132",31,"female","germany",75,4781.42,3912.88
"1133",54,"female","germany",75,588.69,1422.28
"1134",47,"female","germany",75,3225.15,2596.82
"1135",49,"female","austria",75,6814.61,2387.1
"1136",33,"female","germany",75,2279.56,1782.63
"1137",31,"female","austria",75,214.45,197.11
"1138",59,"female","germany",75,6349.67,2712.19
"1139",37,"female","germany",75,3268.7,2437.71
"1140",35,"male","austria",75,3619.55,665.89
"1141",56,"female","germany",75,365.83,1717.4
"1142",39,"female","germany",75,3177.5,21.23
"1143",27,"male","austria",75,357.88,23.83
"1144",59,"female","germany",75,1749.22,195.28
"1145",41,"female","germany",75,3517.55,2263.4
"1146",46,"female","germany",75,4398.41,2198.51
"1147",36,"male","austria",75,2961.7,1342.5
"1148",36,"female","germany",75,2685.39,1222.96
"1149",48,"female","austria",75,6142.1,3694.89
"1150",48,"female","germany",75,4628.94,271.75
"1151",54,"female","germany",75,4849.22,2441.15
"1152",41,"female","germany",75,2896.54,2377.7
"1153",35,"female","germany",75,3245.45,2619.78
"1154",39,"female","austria",75,673.81,476.36
"1155",37,"female","germany",75,2951.95,1269.44
"1156",28,"male","austria",74,563.97,3196.48
"1157",37,"female","germany",74,8944.43,243.2
"1158",32,"female","germany",74,441.26,3474.44
"1159",42,"female","austria",74,429.91,1142.56
"1160",52,"female","austria",74,4592.35,1716.91
"1161",41,"female","austria",74,5447.86,3738.92
"1162",51,"female","germany",74,3447.27,2851.42
"1163",54,"female","germany",74,337.65,1223.72
"1164",36,"female","germany",74,33.21,1893.74
"1165",59,"female","germany",74,275.22,1367.89
"1166",32,"female","germany",74,3813.52,1474.31
"1167",44,"female","austria",74,6363.24,4284.9
"1168",55,"female","germany",74,44.65,376.34
"1169",28,"male","austria",74,3368.95,764.44
"1170",51,"female","germany",74,5564.41,239.41
"1171",43,"female","austria",74,459.98,1667.3
"1172",33,"male","austria",74,3183.14,131.37
"1173",39,"female","germany",74,21.4,1248.68
"1174",45,"female","germany",74,386.26,1945.66
"1175",52,"female","germany",74,581.89,2861.6
"1176",29,"female","austria",74,5561.46,38.72
"1177",32,"female","germany",74,1426.86,151.53
"1178",55,"female","germany",74,667.97,528.74
"1179",31,"female","austria",74,2362.25,167.48
"1180",43,"female","germany",74,31.79,22.19
"1181",51,"female","germany",74,4561.25,1875.69
"1182",43,"male","germany",74,2914.75,194.4
"1183",34,"female","austria",74,3472.58,272.51
"1184",43,"female","austria",74,4888.23,3424.49
"1185",26,"female","austria",74,4232.53,24.74
"1186",32,"male","germany",74,4816.26,1433.83
"1187",62,"female","germany",74,3236.86,1389.16
"1188",43,"female","germany",74,31.66,1955.51
"1189",35,"female","germany",74,3669.76,2211.49
"1190",44,"male","austria",74,3232.75,119.46
"1191",27,"female","austria",74,4621.79,166.89
"1192",56,"female","germany",74,769.34,419.6
"1193",24,"female","austria",74,4217.71,86.6
"1194",29,"female","austria",74,557.46,3472.21
"1195",53,"female","germany",74,6778.22,3883.4
"1196",34,"female","germany",74,5243.16,284.44
"1197",36,"male","austria",74,2791.21,842.81
"1198",49,"female","germany",74,1952.75,1351.79
"1199",37,"female","germany",74,4797.17,3133.87
"1200",39,"female","germany",74,2967.62,183.3
"1201",52,"female","austria",73,5531.24,39.92
"1202",59,"female","germany",73,5811.4,3973.82
"1203",64,"female","germany",73,588.96,244.7
"1204",52,"female","germany",73,565.36,2129.74
"1205",53,"female","germany",73,982.63,3649.5
"1206",31,"male","germany",73,228.6,1477.5
"1207",24,"female","austria",73,2144.2,1196.59
"1208",31,"female","germany",73,5227.57,378.15
"1209",42,"female","germany",73,6373.12,3534.57
"1210",43,"male","poland",73,3648,789.77
"1211",27,"male","austria",73,4771.61,16.6
"1212",45,"female","germany",73,8383.6,78.84
"1213",38,"male","austria",73,2262.57,555.61
"1214",42,"female","germany",73,296.7,1891.32
"1215",59,"female","germany",73,3964.21,1842.22
"1216",47,"female","germany",73,4583.85,2651.22
"1217",51,"female","germany",73,4179.46,543.89
"1218",37,"female","germany",73,3682.24,1797.65
"1219",47,"female","germany",73,752.48,4747.59
"1220",37,"female","austria",73,3461.8,217.1
"1221",52,"female","austria",73,2135.5,1615.73
"1222",38,"female","germany",73,4172.13,338.15
"1223",35,"female","austria",73,2286.36,1674.82
"1224",52,"female","germany",73,471.76,2754.51
"1225",54,"female","germany",73,4772.7,3249
"1226",42,"female","germany",73,581.47,3441.26
"1227",43,"female","austria",73,454.67,971.78
"1228",54,"female","germany",73,5445.48,334.56
"1229",51,"female","germany",73,4181.14,2896.28
"1230",32,"female","poland",73,31.5,1278.61
"1231",59,"female","germany",73,218.32,756.99
"1232",38,"female","germany",73,469.27,356.44
"1233",77,"female","germany",73,5585.27,4859.42
"1234",37,"female","germany",73,8916.83,5992.91
"1235",28,"female","germany",73,344.27,2116.59
"1236",35,"female","germany",73,392.41,1766.4
"1237",41,"female","germany",73,5217.25,2847.76
"1238",37,"female","austria",73,394.27,1513.78
"1239",32,"female","germany",73,2699.7,1556.54
"1240",37,"female","germany",73,518.43,425.84
"1241",58,"female","austria",73,465.51,195.72
"1242",36,"female","germany",73,1647.27,1194.2
"1243",38,"male","germany",73,3348.49,2518.71
"1244",27,"female","germany",73,2739.62,1564.14
"1245",42,"female","germany",73,3979.27,1366.71
"1246",41,"female","germany",73,163.67,529.76
"1247",48,"male","germany",73,8398.27,6717.39
"1248",48,"female","germany",73,4333.53,99.98
"1249",36,"female","germany",72,7172.77,6252.73
"1250",34,"female","germany",72,2954.8,716.91
"1251",46,"female","germany",72,3166.77,869.78
"1252",37,"female","germany",72,6557.14,4652.69
"1253",49,"female","poland",72,1611.6,991.73
"1254",41,"female","austria",72,3942.28,233.11
"1255",31,"female","germany",72,178.77,1473.96
"1256",55,"female","austria",72,4569.53,1111.9
"1257",63,"female","germany",72,8564.85,5187.58
"1258",56,"female","germany",72,557.12,234.58
"1259",52,"female","germany",72,225.62,1727.26
"1260",42,"female","germany",72,312.65,1877.6
"1261",55,"female","germany",72,4233.28,2358.73
"1262",34,"female","austria",72,46.66,1974.8
"1263",35,"female","germany",72,3716.8,2382.99
"1264",57,"female","germany",72,5482.78,3754.76
"1265",38,"male","austria",72,3938.58,2136.59
"1266",27,"female","germany",72,1614.3,91.34
"1267",35,"female","austria",72,2957.97,1168.81
"1268",44,"female","germany",72,3883.33,3563.91
"1269",43,"female","germany",72,2951.58,116.34
"1270",34,"female","austria",72,334.22,1865.68
"1271",46,"female","germany",72,2676.22,1531.42
"1272",42,"female","austria",72,943.58,246.27
"1273",38,"female","austria",72,3394.45,1612.15
"1274",41,"female","austria",72,425.64,1617.38
"1275",35,"female","austria",72,4123.41,1884.9
"1276",45,"male","austria",72,4353.51,1876.29
"1277",38,"female","germany",72,3.38,1824.79
"1278",38,"female","austria",72,5911.38,3489.5
"1279",25,"female","austria",72,3932.9,1766.62
"1280",48,"female","germany",72,2478.53,1296.93
"1281",34,"female","austria",72,228.61,1535.42
"1282",71,"female","germany",72,519.46,278.66
"1283",48,"female","germany",72,3657.79,1799.2
"1284",41,"female","germany",72,2272.99,55.26
"1285",52,"female","germany",72,517.74,2653.7
"1286",54,"female","austria",72,5696.8,183.79
"1287",45,"female","austria",72,5729.76,3372.22
"1288",35,"female","germany",72,6675.27,3393.61
"1289",54,"female","germany",72,3792.5,239.55
"1290",37,"male","germany",72,4695.28,2151.72
"1291",42,"female","germany",72,3911.44,3353.4
"1292",35,"male","germany",72,7543.17,3683.5
"1293",27,"female","austria",71,5315.2,255.68
"1294",38,"female","germany",71,4315.29,137.75
"1295",62,"female","austria",71,5156.11,242.75
"1296",37,"male","austria",71,4679.29,1364.1
"1297",48,"male","poland",71,4476.37,545
"1298",48,"female","germany",71,2319.77,1813.5
"1299",36,"female","germany",71,3815.59,34.57
"1300",54,"female","germany",71,5564.84,285.65
"1301",57,"female","germany",71,455.25,2111.22
"1302",36,"female","germany",71,3583.39,1586.75
"1303",24,"female","austria",71,3837.54,2727.4
"1304",38,"male","austria",71,4963.93,2199.46
"1305",43,"male","germany",71,148.75,97.51
"1306",57,"female","austria",71,411.9,1877.69
"1307",27,"male","germany",71,5552.18,972.61
"1308",54,"male","austria",71,4354.7,1221.74
"1309",45,"female","germany",71,463.88,252.43
"1310",51,"female","germany",71,9997.51,755.79
"1311",46,"male","poland",71,2642.35,974.51
"1312",33,"female","germany",71,1478.28,934.3
"1313",51,"female","germany",71,15.4,6748.32
"1314",32,"male","germany",71,4174.8,2413.62
"1315",62,"female","austria",71,351.75,1465.8
"1316",31,"female","germany",71,493.52,365.54
"1317",51,"female","germany",71,3542.98,1716.45
"1318",43,"female","germany",71,7736.5,6412.58
"1319",46,"female","austria",71,4441.68,72.89
"1320",63,"female","germany",71,564.22,323.25
"1321",49,"female","germany",71,5782.41,419.12
"1322",35,"female","germany",71,467.53,247.66
"1323",51,"female","germany",71,5129.42,2753.57
"1324",62,"female","germany",71,2977.38,1993.21
"1325",52,"female","germany",71,486.6,3111.15
"1326",25,"female","austria",71,2498.88,762.33
"1327",29,"male","austria",71,3522.87,187.19
"1328",44,"male","germany",71,3414.98,2671.86
"1329",55,"female","germany",71,427.54,2948.85
"1330",43,"female","germany",71,198.79,845.87
"1331",51,"female","austria",71,5312.93,1375.78
"1332",45,"female","austria",71,4551.4,242.5
"1333",57,"female","germany",71,564.65,2614.54
"1334",56,"female","austria",71,5613.27,381.6
"1335",47,"female","austria",71,4443.8,1955.13
"1336",53,"female","austria",71,3255,2418.34
"1337",38,"female","austria",71,3943.78,257.75
"1338",37,"female","germany",71,5612.5,394.85
"1339",49,"female","germany",71,39.96,1697.12
"1340",48,"female","germany",71,1568.89,411.15
"1341",36,"female","germany",71,3824.5,23.76
"1342",56,"female","germany",71,692.8,3228.1
"1343",36,"female","germany",71,3528.49,2341.7
"1344",29,"male","germany",71,2515.38,166.58
"1345",33,"male","austria",71,3913.89,173.1
"1346",34,"female","germany",7,332.5,637.25
"1347",38,"female","germany",7,383.13,2598.14
"1348",53,"female","germany",7,4611.34,2549.39
"1349",54,"female","germany",7,2171.4,1566.17
"1350",48,"female","germany",7,321.6,187
"1351",49,"female","germany",7,37.9,274.14
"1352",43,"female","germany",7,3892.27,21.61
"1353",42,"female","germany",7,367.3,1774.63
"1354",43,"female","poland",7,628.12,99.11
"1355",23,"female","austria",7,1951.3,1614.86
"1356",52,"female","germany",7,5931.36,2998.13
"1357",45,"female","germany",7,361,2462.83
"1358",53,"female","austria",7,3915.62,143.24
"1359",48,"female","germany",7,3182.29,2243.46
"1360",33,"female","germany",7,2532.55,123.33
"1361",59,"female","austria",7,372.43,197.67
"1362",55,"female","austria",7,296.9,733.1
"1363",51,"female","germany",7,2526.48,687.11
"1364",48,"female","austria",7,5234.8,3662.31
"1365",43,"female","germany",7,2745.77,1155.85
"1366",34,"male","austria",7,414.95,2242.68
"1367",34,"female","germany",7,369.28,2325.85
"1368",57,"female","austria",7,539.5,4534.18
"1369",39,"female","germany",7,4893.3,1674.77
"1370",53,"female","germany",7,3888.64,249.16
"1371",36,"female","germany",7,4635.56,3438.71
"1372",48,"female","germany",7,62.33,3383.74
"1373",44,"female","germany",7,538.8,3292.64
"1374",22,"female","germany",7,434.39,95.99
"1375",48,"female","germany",7,1358.1,831.96
"1376",26,"female","germany",7,2952.4,146.6
"1377",41,"female","poland",7,345.62,1821.11
"1378",75,"female","austria",7,4645.21,1784.19
"1379",51,"female","germany",7,8739.11,5778.15
"1380",36,"female","germany",7,3972.43,3484.72
"1381",38,"female","germany",7,162.72,4236.3
"1382",55,"female","germany",7,4313.45,276.72
"1383",24,"female","germany",7,2547.68,2268.33
"1384",41,"female","germany",7,4961.8,3349.7
"1385",51,"female","germany",7,6313.84,4379.89
"1386",56,"female","germany",7,6438.98,3917.73
"1387",38,"male","austria",7,3559.44,1324.36
"1388",33,"male","germany",7,2174.1,178.3
"1389",42,"female","germany",7,641.15,471.5
"1390",38,"female","germany",7,2319.5,952.15
"1391",54,"female","germany",7,49.93,1871.29
"1392",45,"female","germany",7,5416.91,1824.77
"1393",61,"female","austria",7,4147.25,1853.76
"1394",57,"female","germany",7,4956.8,32.58
"1395",55,"female","austria",7,4211.87,1742.78
"1396",39,"female","germany",7,294.75,1948.83
"1397",31,"female","germany",7,4727.62,271.52
"1398",46,"female","germany",7,3774.54,2281.22
"1399",52,"female","germany",7,497.37,2488.8
"1400",32,"female","austria",7,3532.57,1137.1
"1401",43,"female","austria",7,442.66,2237.64
"1402",52,"male","austria",7,2918,2139.9
"1403",43,"female","austria",7,4615.33,1947.38
"1404",44,"male","germany",69,1647.95,13.25
"1405",38,"female","germany",69,1987.2,132.18
"1406",41,"female","austria",69,1738.56,1421.69
"1407",27,"female","germany",69,525.9,3691.4
"1408",27,"male","austria",69,3435.3,1153.4
"1409",36,"female","germany",69,4895.49,4131.76
"1410",57,"female","austria",69,5765.93,3272.3
"1411",31,"female","germany",69,5499.91,4453.13
"1412",27,"female","austria",69,3642.2,1735.6
"1413",33,"female","germany",69,23.3,11.5
"1414",58,"female","germany",69,2852.51,1844.1
"1415",43,"female","germany",69,5953.98,3983.24
"1416",42,"female","germany",69,4735.31,3737.53
"1417",45,"female","poland",69,5289.12,486.39
"1418",53,"female","germany",69,5359.9,4488.34
"1419",52,"male","germany",69,6312.54,249.11
"1420",45,"female","austria",69,386.59,17.69
"1421",44,"male","germany",69,2654.31,1411.61
"1422",54,"female","germany",69,413.3,2453.66
"1423",29,"female","germany",69,4411.6,241.92
"1424",24,"female","austria",69,1998.71,1573.66
"1425",42,"female","germany",69,4887,3777.67
"1426",23,"female","austria",69,348.21,174.32
"1427",38,"female","germany",69,2158.21,1855.42
"1428",31,"female","germany",69,5727.86,4534.49
"1429",26,"female","germany",69,5251.2,429.43
"1430",31,"male","germany",69,9266.81,8346.92
"1431",37,"female","austria",69,4375.91,2178.75
"1432",57,"female","poland",69,1783.62,762.25
"1433",47,"female","germany",69,3291.91,169.22
"1434",44,"female","germany",69,297.26,2442.33
"1435",35,"male","austria",69,2711.17,123.47
"1436",25,"female","austria",69,3419.36,1935.48
"1437",54,"female","germany",69,2216.64,198.94
"1438",36,"female","germany",69,1896.67,1784.53
"1439",53,"female","austria",69,3535.98,1374.82
"1440",56,"female","germany",69,316.31,2371.46
"1441",34,"female","austria",69,3655.5,193.99
"1442",32,"male","germany",69,2248.31,954.69
"1443",55,"female","germany",69,6484.49,325.58
"1444",46,"female","germany",69,4916.76,1742.12
"1445",42,"female","germany",69,513.3,4612.28
"1446",39,"male","germany",69,4313.11,2855.78
"1447",63,"female","germany",69,3171.85,125.76
"1448",33,"female","germany",69,3915.76,1319.92
"1449",38,"male","austria",69,4292.1,2955.61
"1450",29,"female","austria",69,535.7,2789.5
"1451",56,"female","germany",68,656.32,3928.6
"1452",49,"female","poland",68,4513.92,245.96
"1453",55,"female","germany",68,235.72,1191.2
"1454",44,"female","germany",68,1291.2,671.8
"1455",28,"female","germany",68,5383.32,358.56
"1456",26,"female","germany",68,3194.5,2453.25
"1457",53,"female","germany",68,2718.32,1717.62
"1458",45,"female","austria",68,3541.8,2445.35
"1459",53,"female","germany",68,3681.31,2514.52
"1460",36,"male","germany",68,555.4,11.39
"1461",53,"female","germany",68,5421.1,3536.33
"1462",44,"female","germany",68,2236.12,1272.5
"1463",46,"female","germany",68,464.99,929.67
"1464",28,"female","austria",68,423.65,1495.5
"1465",25,"female","austria",68,2114.17,112.96
"1466",58,"female","germany",68,45.32,334.61
"1467",64,"male","poland",68,6261.15,2467.47
"1468",47,"male","germany",68,15.32,688.57
"1469",75,"female","germany",68,321.88,2545.47
"1470",39,"female","germany",68,295.79,1447.83
"1471",39,"female","austria",68,3757.62,1422.24
"1472",25,"male","austria",68,35.71,1387.77
"1473",44,"female","germany",68,3867.64,1626.79
"1474",47,"female","austria",68,4777.51,29.5
"1475",59,"female","germany",68,1826.2,531.72
"1476",36,"female","austria",68,4584.69,237.49
"1477",41,"male","germany",68,1173.32,489.99
"1478",25,"male","austria",68,2941.92,1387.74
"1479",53,"female","austria",68,2243.52,1318.8
"1480",55,"male","germany",68,35.32,2113.58
"1481",35,"female","austria",68,4474.72,257.3
"1482",58,"female","germany",68,4284.1,318.68
"1483",35,"male","austria",68,246.86,749.2
"1484",44,"female","germany",68,7246.27,682.31
"1485",64,"female","germany",68,4622.8,32.8
"1486",42,"female","germany",68,2435.61,129.48
"1487",58,"female","germany",68,46.19,2951.57
"1488",42,"female","germany",68,175.33,538.42
"1489",31,"female","germany",68,6827.39,552.2
"1490",35,"female","austria",68,4995.93,3156.1
"1491",39,"female","germany",68,372.32,1626.74
"1492",54,"female","germany",68,2566.59,529.6
"1493",57,"female","germany",68,251.32,1431.6
"1494",45,"female","germany",68,473.21,261.21
"1495",32,"female","austria",68,5729.52,2956.73
"1496",39,"female","germany",68,3175.32,1582.75
"1497",28,"female","germany",68,1792.52,1689.77
"1498",28,"female","germany",68,3781.51,2833.62
"1499",57,"female","germany",68,3681.12,283.55
"1500",59,"female","germany",68,4817.27,3372.58
"1501",39,"female","austria",68,3627.41,174.15
"1502",37,"female","germany",68,3226.17,1617.71
"1503",49,"female","germany",68,268.3,1732.55
"1504",61,"female","austria",68,3185.7,1692.18
"1505",42,"female","germany",68,3347.33,1913.62
"1506",25,"female","austria",68,551.78,32.55
"1507",53,"female","poland",68,2535.85,913.7
"1508",26,"female","austria",68,5599.83,2256.71
"1509",57,"female","austria",67,468.7,1793.26
"1510",56,"female","germany",67,4341.27,126.32
"1511",43,"female","austria",67,4937.28,217.34
"1512",54,"female","germany",67,3266.15,2832.53
"1513",52,"female","germany",67,2855.53,1567.43
"1514",32,"female","austria",67,5876.8,269.48
"1515",32,"female","germany",67,3191.51,1637.11
"1516",41,"female","germany",67,2148.29,942.12
"1517",55,"female","germany",67,785.6,3676.43
"1518",29,"female","austria",67,233.33,163.71
"1519",49,"female","austria",67,3387.49,1846.5
"1520",31,"female","austria",67,3888,2459.94
"1521",44,"female","austria",67,3616.32,1331.31
"1522",41,"female","austria",67,324.12,13.54
"1523",26,"female","austria",67,2993.12,1241.54
"1524",38,"female","austria",67,2255.15,299.92
"1525",54,"female","germany",67,2815.53,1757.31
"1526",34,"female","austria",67,266.72,1733.29
"1527",64,"female","germany",67,899.91,133.54
"1528",51,"female","germany",67,25.65,1361.67
"1529",37,"female","germany",67,2936.73,2216.53
"1530",29,"female","austria",67,4867.86,3355.38
"1531",39,"female","germany",67,1829.8,125.61
"1532",36,"female","germany",67,2812.12,1335.48
"1533",46,"female","germany",67,453.2,233.51
"1534",39,"female","austria",67,291.47,165.5
"1535",45,"female","germany",67,3278.22,1462.59
"1536",53,"female","germany",67,4194.45,2465.28
"1537",28,"female","germany",67,2727.13,2186.93
"1538",37,"female","germany",67,3435.23,215.28
"1539",51,"female","germany",67,369.95,2429.46
"1540",39,"female","germany",67,4354.16,2328.83
"1541",31,"female","germany",67,485.52,2259.5
"1542",35,"male","germany",67,242.83,1154.67
"1543",39,"female","germany",67,448.63,24.26
"1544",31,"female","germany",67,641.14,5435.76
"1545",52,"female","austria",67,587.72,1665.85
"1546",29,"female","germany",67,3694.49,2657.69
"1547",46,"female","austria",67,481.7,2445.15
"1548",37,"female","germany",67,432.62,2289.7
"1549",54,"female","poland",67,2131.86,1792.65
"1550",51,"female","poland",67,2524.47,644.28
"1551",49,"female","germany",67,247.67,583.97
"1552",29,"female","austria",67,3279.83,956.8
"1553",44,"female","germany",67,6544.22,2779.72
"1554",52,"male","germany",67,2186.13,829.98
"1555",45,"female","germany",67,4828.29,3625.49
"1556",37,"female","germany",67,3839.2,3353.22
"1557",37,"female","germany",67,2365.93,1311.82
"1558",39,"female","austria",67,3252.99,1714.67
"1559",32,"male","germany",67,3188.23,2358.4
"1560",48,"female","germany",67,5488.13,3666.61
"1561",34,"female","austria",67,528.83,369.51
"1562",34,"female","germany",67,3555.43,2615.85
"1563",52,"female","austria",67,3958.1,224.45
"1564",28,"female","germany",67,786.32,6727.55
"1565",42,"female","germany",67,2434.6,162.2
"1566",33,"female","germany",67,551.47,3297.61
"1567",36,"female","germany",67,2659.7,813.34
"1568",51,"female","germany",66,34.67,1929.54
"1569",54,"female","germany",66,4487.14,1424.62
"1570",41,"female","germany",66,2153.74,1477.26
"1571",39,"male","germany",66,2724.15,1277.73
"1572",47,"female","germany",66,8831.65,548.7
"1573",58,"female","germany",66,3938.59,882.72
"1574",38,"female","austria",66,2821.2,14.25
"1575",33,"female","austria",66,41.32,165.33
"1576",38,"female","poland",66,612.94,4495.47
"1577",49,"female","germany",66,3739.83,39.7
"1578",56,"female","germany",66,527.53,2885.69
"1579",42,"female","germany",66,3545.16,3198.26
"1580",59,"female","austria",66,4413.93,2825.26
"1581",49,"female","germany",66,3832.34,1199.83
"1582",25,"female","germany",66,297.19,2237.11
"1583",48,"female","germany",66,3618.88,2123.42
"1584",74,"female","netherlands",66,1564.34,843.68
"1585",39,"female","germany",66,269.2,123.82
"1586",49,"female","germany",66,28.49,17.5
"1587",44,"female","austria",66,1914.34,117.69
"1588",34,"female","germany",66,3929.93,1279.78
"1589",48,"female","austria",66,2365.32,1424.18
"1590",51,"female","germany",66,3865.9,292.65
"1591",32,"female","germany",66,1725.93,82.49
"1592",41,"female","germany",66,1972.7,17.87
"1593",27,"female","germany",66,2469.49,1676.3
"1594",59,"female","germany",66,2693.85,1619.2
"1595",55,"female","austria",66,2522.59,1143
"1596",42,"female","germany",66,6816.5,489.78
"1597",52,"female","germany",66,3742.29,219.59
"1598",43,"female","austria",66,4769.75,1882.8
"1599",47,"female","germany",66,525.7,2746.43
"1600",42,"female","germany",66,126.74,287.18
"1601",53,"female","germany",66,2668.62,1716.41
"1602",35,"female","germany",66,2112.99,1854.13
"1603",53,"female","austria",66,3493.46,946.12
"1604",29,"female","austria",66,4929.61,3384.89
"1605",41,"female","austria",66,321.52,2469.66
"1606",37,"female","austria",66,3733.65,2564.64
"1607",48,"female","germany",66,4465.68,2334.8
"1608",55,"female","germany",66,5831.18,446.61
"1609",55,"female","germany",66,215.16,77.52
"1610",62,"female","germany",66,4669.9,2764.15
"1611",27,"female","germany",66,6118.73,4885.52
"1612",43,"female","germany",66,6859.34,6384.41
"1613",35,"female","austria",66,3752.33,1891.79
"1614",56,"female","austria",66,6256.14,3187.66
"1615",39,"female","germany",66,5767.44,2671.19
"1616",34,"female","germany",66,229.21,1432.47
"1617",56,"female","germany",66,4257.94,2495.39
"1618",59,"female","germany",66,4337.57,227
"1619",42,"female","germany",66,3848.93,2218.21
"1620",28,"female","germany",66,449.34,384.41
"1621",45,"female","germany",66,261.34,1639.51
"1622",42,"female","germany",66,33.14,312.18
"1623",36,"female","austria",66,3437.75,211.6
"1624",54,"female","germany",66,4817.92,219.83
"1625",34,"female","germany",66,4646.33,44.91
"1626",39,"female","austria",66,4614.96,2378.33
"1627",36,"female","austria",66,3911.43,239.14
"1628",41,"female","austria",66,2139.67,1238.73
"1629",31,"female","germany",66,5181.58,422.94
"1630",43,"female","germany",66,148.93,867.92
"1631",24,"female","germany",66,722.32,479.57
"1632",45,"female","germany",66,3834.94,278.8
"1633",44,"female","austria",66,52.74,254.77
"1634",56,"female","austria",66,5549.6,218.78
"1635",46,"female","germany",66,257.14,1316.19
"1636",36,"female","germany",66,1714.49,986.37
"1637",61,"female","germany",66,3153.43,1913.42
"1638",34,"female","germany",66,2784.84,2241.67
"1639",23,"female","germany",66,1836.14,1454.32
"1640",55,"female","austria",66,5518.35,785.9
"1641",33,"female","germany",66,5211.84,413.17
"1642",52,"female","germany",66,368.67,1992.73
"1643",51,"female","germany",66,3473.14,693.85
"1644",57,"female","germany",65,4.6,3557.19
"1645",43,"female","germany",65,3149.82,1313.33
"1646",51,"female","germany",65,4218.59,189.9
"1647",32,"female","germany",65,2356.34,1642.99
"1648",34,"female","austria",65,5394.54,3378.7
"1649",46,"female","germany",65,8935.1,767.22
"1650",33,"male","austria",65,2815.52,171.76
"1651",46,"female","germany",65,1997.85,968.7
"1652",38,"female","germany",65,6985.31,432.6
"1653",43,"male","germany",65,8381.69,665.91
"1654",25,"female","germany",65,3625.35,2385.71
"1655",52,"female","austria",65,4929.42,1519.82
"1656",69,"female","poland",65,1524.17,3.27
"1657",43,"female","germany",65,1456.96,1192.54
"1658",51,"female","germany",65,3524.6,2365.6
"1659",41,"male","germany",65,231.33,1439.55
"1660",53,"female","germany",65,315.67,531.91
"1661",49,"female","germany",65,3572.46,2398.56
"1662",26,"male","germany",65,581.99,557.49
"1663",59,"female","germany",65,2867.7,1586.78
"1664",31,"female","germany",65,5196.14,2673.46
"1665",44,"female","germany",65,3493.45,1971.13
"1666",51,"female","germany",65,543.89,1721.27
"1667",36,"female","germany",65,49.74,3535.61
"1668",47,"female","germany",65,622.5,3615.66
"1669",28,"female","germany",65,1629.63,1162.74
"1670",45,"female","austria",65,4999.1,1742.39
"1671",39,"female","austria",65,525.23,32.83
"1672",36,"female","germany",65,772.45,6772.55
"1673",35,"female","germany",65,3345.1,2198.39
"1674",47,"female","germany",65,2611.62,921.4
"1675",47,"female","germany",65,3438.14,227.34
"1676",51,"female","germany",65,5441,2865.88
"1677",44,"female","austria",65,3177.12,1531.68
"1678",67,"male","germany",65,2949.29,2626.86
"1679",55,"female","germany",65,3787.18,2273.64
"1680",69,"female","germany",65,4847.95,3833.64
"1681",35,"female","austria",65,3218.34,24.66
"1682",49,"female","germany",65,4736.35,4121.44
"1683",58,"male","germany",65,4117.8,2755.56
"1684",62,"female","austria",65,3948.97,789.88
"1685",31,"female","germany",65,3281.44,1493.57
"1686",35,"female","germany",65,1994.31,1672.17
"1687",59,"female","austria",65,481.52,1963.77
"1688",39,"female","germany",65,3876.63,1864.65
"1689",47,"female","germany",65,2459.35,621.83
"1690",39,"female","germany",65,484.73,2641.72
"1691",37,"male","austria",65,3285.72,1149.77
"1692",61,"male","austria",65,4365.5,794.6
"1693",43,"female","germany",65,432.98,2757.84
"1694",34,"female","germany",65,487.75,3358.41
"1695",55,"female","germany",65,4376.13,1394.97
"1696",49,"female","austria",65,3695.33,1388.85
"1697",48,"female","germany",65,2347.29,1191.38
"1698",51,"female","germany",65,4948.35,282.67
"1699",57,"female","germany",65,3294.47,1698.82
"1700",71,"female","germany",65,6933.85,594
"1701",49,"female","germany",65,2447.6,894.31
"1702",44,"female","germany",65,2569.97,1362.3
"1703",38,"female","austria",65,5454.14,31.16
"1704",45,"female","poland",65,5799.42,1552.47
"1705",44,"female","austria",65,4942.39,3868.45
"1706",29,"female","netherlands",65,4128.35,2553.57
"1707",45,"female","germany",65,1288.55,15.7
"1708",34,"female","germany",65,3218.54,2441.89
"1709",27,"male","austria",65,4384.89,2857.14
"1710",44,"female","germany",65,4781.65,3333.39
"1711",45,"female","germany",65,2197.74,194.43
"1712",47,"female","germany",65,6437.35,3838.64
"1713",41,"male","austria",65,272.65,67.9
"1714",43,"female","germany",65,3451.35,3195.4
"1715",41,"female","austria",65,4299.24,2271.2
"1716",33,"female","germany",65,2128.25,1252.61
"1717",39,"female","austria",65,2962.2,125.1
"1718",29,"female","germany",65,3648.31,289.54
"1719",54,"female","germany",65,274.21,1233.21
"1720",53,"female","germany",65,5247.64,342.89
"1721",57,"female","germany",65,3774.61,1579.24
"1722",37,"female","germany",65,593.23,373.26
"1723",39,"female","germany",65,482.82,276.6
"1724",36,"female","germany",65,1374.35,196.69
"1725",42,"female","germany",65,4649.9,2877.63
"1726",27,"female","austria",65,599.94,384.55
"1727",38,"female","germany",64,221.6,11.77
"1728",42,"female","germany",64,2854.96,1446.73
"1729",43,"female","germany",64,2391.14,1821.47
"1730",51,"male","germany",64,2689.76,1167.77
"1731",33,"female","austria",64,3551.84,1615.31
"1732",24,"female","germany",64,1315.86,174.92
"1733",55,"female","germany",64,566.11,319.72
"1734",22,"female","austria",64,2689.54,1193.18
"1735",44,"female","germany",64,3416.33,21.91
"1736",37,"male","austria",64,2497.5,829.84
"1737",49,"male","germany",64,2388.36,1928.48
"1738",31,"female","germany",64,2922.64,28.87
"1739",36,"female","austria",64,2665.86,998.9
"1740",51,"female","germany",64,6232.32,3824.63
"1741",41,"female","germany",64,3568.3,2344.67
"1742",35,"female","austria",64,518.18,1291.34
"1743",52,"female","germany",64,417.9,1851.73
"1744",33,"female","germany",64,2355.86,836.3
"1745",26,"female","austria",64,5689.76,289.62
"1746",36,"female","austria",64,415.19,2358.58
"1747",38,"female","germany",64,327.28,1635.94
"1748",47,"female","austria",64,444.55,274.74
"1749",56,"female","germany",64,2661.31,929.9
"1750",53,"female","austria",64,3888.9,196.2
"1751",32,"female","germany",64,557.6,427.89
"1752",28,"male","austria",64,2643.5,796.65
"1753",62,"female","germany",64,5135.63,3773.56
"1754",26,"female","germany",64,817.64,6347.7
"1755",58,"female","germany",64,412.36,2142.72
"1756",52,"female","germany",64,494.36,284.73
"1757",46,"female","austria",64,6248.44,3821.74
"1758",51,"female","poland",64,399.61,3145.64
"1759",23,"female","germany",64,3582.15,169.35
"1760",24,"female","austria",64,425.14,1951.74
"1761",53,"female","germany",64,954.36,656.56
"1762",28,"female","austria",64,3737.56,2814.5
"1763",37,"male","germany",64,246.86,1718.4
"1764",39,"female","germany",64,3297.49,1728.84
"1765",53,"female","germany",64,4312.8,3552.22
"1766",31,"female","germany",64,4371.1,3343.94
"1767",56,"female","germany",64,3771.16,1589.57
"1768",31,"male","germany",64,2149.36,187.42
"1769",56,"female","germany",64,2219.95,432.41
"1770",62,"female","germany",64,4494.33,2242.25
"1771",53,"female","germany",64,3249.42,217.78
"1772",45,"female","austria",64,2646.16,1229.73
"1773",53,"female","germany",64,2918.65,2223.22
"1774",31,"female","austria",64,4271.81,2678.93
"1775",33,"female","germany",64,4169.35,3466.98
"1776",21,"male","austria",64,33.51,458.88
"1777",49,"female","germany",64,4636.96,1968.97
"1778",44,"female","germany",64,4474.5,2925.67
"1779",31,"female","germany",64,3142.86,68.87
"1780",35,"female","austria",64,3967.5,197.86
"1781",47,"female","austria",64,296.6,117.85
"1782",33,"female","germany",64,135.46,1164.58
"1783",31,"female","germany",64,2597.61,1143.72
"1784",53,"female","germany",64,5623.86,3557.67
"1785",33,"female","germany",64,5644.84,3442.11
"1786",51,"female","austria",64,3934.33,744.88
"1787",25,"female","austria",64,4724.45,292
"1788",46,"female","germany",64,372.26,1359.17
"1789",45,"male","germany",64,7796.27,674.95
"1790",43,"female","austria",64,3657.89,282.23
"1791",58,"male","austria",64,3122.71,51.37
"1792",59,"female","germany",64,3748.35,2174.65
"1793",37,"female","austria",64,369.71,279.97
"1794",48,"female","germany",64,3231.71,1827.89
"1795",57,"female","germany",64,398.99,2418.42
"1796",43,"male","germany",64,39.3,24.99
"1797",38,"female","austria",64,4997.45,3213.97
"1798",46,"female","austria",64,2776.35,1643.4
"1799",49,"male","germany",64,3743.37,2849.99
"1800",43,"female","germany",64,471.69,359.98
"1801",43,"female","germany",64,3695.95,323.3
"1802",29,"male","austria",64,2561.21,1259.71
"1803",52,"female","germany",63,288.35,121.39
"1804",41,"female","germany",63,3498.71,996.88
"1805",51,"female","germany",63,2692.19,1464.31
"1806",26,"female","austria",63,347.26,82.81
"1807",52,"female","austria",63,37.39,1579.75
"1808",28,"male","germany",63,5871.62,127.99
"1809",26,"female","germany",63,345.55,2525.79
"1810",35,"male","austria",63,2439.16,194.1
"1811",56,"female","germany",63,428.75,1464.83
"1812",47,"female","austria",63,49.24,1452.75
"1813",57,"female","germany",63,5163.17,4246.35
"1814",46,"female","germany",63,2263.59,1494.98
"1815",48,"female","germany",63,1846.87,912.36
"1816",48,"female","germany",63,4482.97,2865.81
"1817",53,"female","germany",63,4413.69,2837.47
"1818",32,"female","germany",63,5677.57,3643.74
"1819",49,"female","germany",63,2751.41,169.15
"1820",23,"female","austria",63,2487.6,197.81
"1821",65,"female","germany",63,236.87,114.49
"1822",52,"female","germany",63,3472.49,2319.7
"1823",42,"female","germany",63,7512.8,4756.12
"1824",54,"female","germany",63,2938.57,153.51
"1825",55,"female","germany",63,2769.67,122.39
"1826",35,"male","germany",63,4771.77,377.41
"1827",58,"female","germany",63,3752.82,247.17
"1828",42,"female","germany",63,34.7,896.34
"1829",37,"female","germany",63,3365.59,1386.31
"1830",51,"female","germany",63,377.61,2418.74
"1831",37,"male","austria",63,394.6,2147.91
"1832",56,"female","germany",63,562.61,4352.82
"1833",49,"female","poland",63,6133.12,281.17
"1834",33,"female","germany",63,2758.55,1769.77
"1835",25,"female","germany",63,986.57,46.15
"1836",43,"female","germany",63,326.79,1866.17
"1837",49,"female","germany",63,9137.47,6162.64
"1838",46,"male","germany",63,2765.23,774.64
"1839",41,"female","germany",63,4675.27,219.79
"1840",41,"female","germany",63,5589.16,417.1
"1841",65,"female","germany",63,5368.37,3472.63
"1842",21,"female","germany",63,1877.82,647.89
"1843",46,"female","austria",63,369.4,181.23
"1844",42,"female","germany",63,32.87,2238.7
"1845",41,"female","germany",63,2151.57,1368.65
"1846",41,"female","germany",63,2985.55,1952.4
"1847",37,"female","germany",63,337.37,297.54
"1848",44,"female","poland",63,3899.79,836.71
"1849",46,"female","germany",63,5128.37,1327.76
"1850",38,"female","germany",63,4838.85,2865.64
"1851",25,"female","germany",63,2889.37,1763.68
"1852",45,"male","austria",63,3868.86,2663.59
"1853",38,"male","austria",63,2693.15,28.11
"1854",35,"female","germany",63,3823.77,312.3
"1855",54,"female","germany",63,3379.37,1592.75
"1856",41,"male","germany",63,379.97,1371.32
"1857",61,"female","poland",63,193.45,387.8
"1858",53,"female","germany",63,4175.35,2238.11
"1859",36,"male","austria",63,2871.74,554.3
"1860",59,"female","germany",63,3183.33,1798.41
"1861",57,"female","germany",63,2835.23,1298.38
"1862",67,"female","germany",63,1915.26,153.7
"1863",41,"male","germany",63,8851.37,719.96
"1864",25,"female","germany",63,1437.87,878.33
"1865",54,"female","germany",63,4364.1,299.56
"1866",54,"female","germany",63,2858.14,1547.16
"1867",31,"male","germany",63,22.94,235.75
"1868",39,"female","germany",63,3372.3,1539.76
"1869",41,"female","germany",63,2586.41,595.92
"1870",63,"female","austria",63,445.26,1836.94
"1871",54,"female","germany",63,544.37,3658.57
"1872",46,"female","netherlands",63,2351.7,131.66
"1873",61,"female","germany",63,6773.37,3658.69
"1874",33,"female","germany",63,3168.16,1339.34
"1875",32,"female","germany",63,3738.87,2537.56
"1876",45,"male","germany",63,3615.12,2412.66
"1877",54,"female","austria",63,439.31,712.43
"1878",45,"male","germany",63,2245.3,112.33
"1879",53,"female","germany",63,5515.35,3448.62
"1880",41,"female","austria",63,231.77,1662.91
"1881",33,"female","germany",63,278.85,825.67
"1882",35,"male","austria",63,4226.6,1341.17
"1883",29,"female","germany",62,436.8,2682.46
"1884",55,"female","austria",62,322.9,2249.19
"1885",33,"female","germany",62,3476.98,1115.31
"1886",41,"male","germany",62,314.8,242.57
"1887",39,"female","germany",62,7341.78,468.6
"1888",45,"female","germany",62,3268.88,2667.3
"1889",54,"female","germany",62,5488.38,4478.51
"1890",55,"female","germany",62,3836.84,1165.72
"1891",45,"female","germany",62,287.87,88
"1892",56,"female","austria",62,4256.83,1815.8
"1893",42,"female","germany",62,329.79,2243.19
"1894",52,"female","germany",62,347.61,1682.19
"1895",49,"female","germany",62,7219.87,4361.33
"1896",38,"female","germany",62,2197.65,1451.44
"1897",53,"female","germany",62,5364.18,329.36
"1898",31,"female","germany",62,3899.58,2649.76
"1899",44,"female","poland",62,3812.76,1249.69
"1900",53,"female","germany",62,3712.78,2719.57
"1901",42,"male","germany",62,287.87,87.86
"1902",53,"female","germany",62,3277.38,1481.39
"1903",36,"female","germany",62,2388.18,1741.2
"1904",53,"female","germany",62,3458.21,1839.96
"1905",46,"female","austria",62,4641.28,972.16
"1906",45,"female","germany",62,1396.15,586.86
"1907",45,"female","germany",62,5594.38,4779.51
"1908",62,"female","germany",62,258.44,1264.48
"1909",28,"female","germany",62,4985.27,2417.43
"1910",55,"female","austria",62,479.38,2152.76
"1911",38,"female","austria",62,3174.18,286.29
"1912",35,"female","germany",62,2162.67,126.75
"1913",44,"female","austria",62,169.1,577.24
"1914",31,"female","germany",62,2671.92,1315.46
"1915",48,"female","germany",62,3567.76,1665.1
"1916",59,"female","germany",62,4693.38,352.5
"1917",54,"female","germany",62,5143.98,4167.82
"1918",52,"female","germany",62,2971.68,1456.8
"1919",59,"female","austria",62,233.58,36.43
"1920",47,"female","germany",62,2564.88,2155.6
"1921",35,"female","germany",62,6385.26,5114.23
"1922",24,"female","austria",62,3959.29,2458.75
"1923",49,"female","germany",62,3475.18,1712.73
"1924",34,"male","germany",62,5915.87,2511.66
"1925",61,"female","germany",62,3881.94,2594.2
"1926",42,"female","germany",62,379.36,2668.51
"1927",47,"male","austria",62,2522.27,1388.69
"1928",48,"female","germany",62,3524.87,291
"1929",47,"female","germany",62,3958.6,1993.72
"1930",45,"female","germany",62,543.38,3534.63
"1931",53,"female","germany",62,393.93,1761.12
"1932",51,"female","germany",62,2747.98,1284.25
"1933",34,"female","germany",62,4336.29,3546.49
"1934",32,"female","austria",62,2522.48,1377.78
"1935",47,"female","germany",62,267.75,1273.58
"1936",47,"female","germany",62,3789.93,269.56
"1937",41,"female","germany",62,3437.38,2255.39
"1938",38,"female","germany",62,3613.58,227.42
"1939",58,"female","germany",62,423.37,1552.57
"1940",38,"female","germany",62,353.78,2993.9
"1941",44,"female","germany",62,3223.95,1414.91
"1942",44,"female","austria",62,2443.88,1196.69
"1943",31,"female","germany",62,431.96,2377.55
"1944",48,"female","germany",62,2955.38,1813.45
"1945",37,"male","austria",62,3481.43,13.41
"1946",46,"female","germany",62,3588.7,2176.92
"1947",22,"female","austria",62,4987.78,2268.34
"1948",27,"female","germany",62,3158.37,2768.2
"1949",31,"male","germany",62,2239.98,718.23
"1950",54,"male","austria",62,4735.84,2898.6
"1951",45,"female","germany",62,5386.3,2873.17
"1952",47,"female","germany",62,3536.17,2292.44
"1953",21,"female","austria",62,477.63,1493.4
"1954",39,"female","austria",62,485.57,1778.24
"1955",59,"female","austria",62,3674.12,2426.58
"1956",56,"female","austria",62,4222.14,1746.4
"1957",47,"female","poland",62,1353.81,81.81
"1958",53,"female","germany",62,2956.58,2223.12
"1959",42,"female","germany",62,3333.7,2111.96
"1960",51,"female","germany",62,3181.77,1777.39
"1961",34,"female","germany",62,3454.46,2195.3
"1962",39,"female","germany",61,3882.82,243.41
"1963",29,"female","germany",61,1333.32,111.16
"1964",48,"female","germany",61,836.29,159.7
"1965",52,"female","germany",61,2871.18,736.35
"1966",28,"female","germany",61,4192.39,3535.53
"1967",51,"female","germany",61,742.37,4423.67
"1968",29,"female","austria",61,494.72,213.74
"1969",37,"female","germany",61,3515.83,127.35
"1970",32,"female","germany",61,2294.58,1.76
"1971",51,"female","germany",61,335.96,1483.51
"1972",37,"female","germany",61,4326.38,2461.29
"1973",42,"female","austria",61,3946.12,2191.15
"1974",37,"female","germany",61,3289.86,276.6
"1975",31,"female","germany",61,3977.57,3674.6
"1976",54,"female","germany",61,4677.98,262.98
"1977",51,"female","germany",61,2683.49,1321.91
"1978",64,"female","germany",61,489.89,2986.99
"1979",56,"male","germany",61,2397.53,939.83
"1980",42,"female","germany",61,3768.42,2264.92
"1981",35,"female","germany",61,3235.39,1724.17
"1982",49,"female","germany",61,333.14,1966.66
"1983",34,"female","germany",61,3399.48,2574.13
"1984",26,"female","germany",61,3438.59,211.8
"1985",29,"female","austria",61,4728.1,164.3
"1986",48,"female","germany",61,2655.29,1435.54
"1987",43,"female","austria",61,4748.37,272.82
"1988",57,"female","germany",61,4415.59,3563.85
"1989",47,"female","austria",61,541.33,2671.23
"1990",51,"female","poland",61,2247.74,876.45
"1991",33,"female","germany",61,2636.63,938.57
"1992",32,"female","germany",61,4937.59,4287
"1993",34,"male","austria",61,36.81,1151.87
"1994",31,"female","germany",61,534.59,43.71
"1995",58,"female","germany",61,254.38,1855.17
"1996",37,"female","germany",61,2924.88,1866.86
"1997",49,"female","germany",61,448.58,3159.74
"1998",31,"female","germany",61,521.33,4949.1
"1999",31,"female","germany",61,3541.14,193.21
"2000",31,"male","germany",61,1776.89,512.87
"2001",47,"male","austria",61,1829.92,924.44
"2002",27,"female","germany",61,4914.29,312.47
"2003",27,"male","germany",61,1829.79,133.67
"2004",45,"female","germany",61,1162.18,234.22
"2005",55,"female","germany",61,314.4,2198.65
"2006",55,"female","germany",61,3662.79,1198.72
"2007",26,"female","germany",61,263.34,693.18
"2008",62,"female","germany",61,296.77,1838.83
"2009",46,"female","germany",61,2546.59,1721.76
"2010",29,"female","germany",61,228.13,182.1
"2011",35,"female","austria",61,4525.29,1555.75
"2012",46,"female","germany",61,8696.69,688.86
"2013",47,"female","germany",61,4782.38,2694.9
"2014",56,"female","germany",61,2823.39,1926.82
"2015",31,"male","austria",61,3789.84,1372.53
"2016",36,"female","austria",61,3777.75,2283.83
"2017",46,"female","germany",61,4348.19,284.4
"2018",36,"female","austria",61,2424.4,832.56
"2019",34,"female","germany",61,669.58,2982.75
"2020",45,"female","germany",61,593.47,2871.75
"2021",33,"female","germany",61,8749.7,788.7
"2022",34,"female","germany",61,118.98,67.99
"2023",33,"female","germany",61,4775.97,1113.91
"2024",41,"female","germany",61,449.38,1156.84
"2025",56,"female","germany",61,3345.77,1642.73
"2026",42,"female","germany",61,4532.37,2311.47
"2027",36,"male","poland",61,1174.43,413.22
"2028",41,"female","austria",61,2279.9,214.7
"2029",53,"female","germany",61,279.49,1545.31
"2030",33,"female","germany",61,1472.99,912.2
"2031",54,"female","germany",61,5442.14,2834.93
"2032",45,"female","germany",61,5229.86,3533.61
"2033",53,"female","austria",61,4333.43,2751.63
"2034",53,"female","germany",61,4185.76,256.37
"2035",48,"female","poland",61,2663.23,1815.11
"2036",33,"female","germany",61,326.36,2566.55
"2037",34,"male","germany",61,2818.94,1812.99
"2038",47,"female","germany",61,2724.56,1787.7
"2039",34,"female","germany",61,1489.9,647.23
"2040",34,"female","germany",61,4578.41,2283.24
"2041",38,"female","germany",61,3798.7,2715.8
"2042",61,"female","germany",61,278.19,343.38
"2043",29,"female","germany",61,338.99,2355.22
"2044",29,"female","germany",6,3886,1633.17
"2045",48,"female","germany",6,1983,1598.39
"2046",52,"female","germany",6,2941.79,1611.98
"2047",41,"female","germany",6,2718.5,1388.16
"2048",24,"female","austria",6,2189.99,969.38
"2049",51,"female","germany",6,3633.54,1981.26
"2050",53,"female","germany",6,487.43,3259.86
"2051",32,"female","germany",6,3941.4,26.72
"2052",38,"female","austria",6,33.4,1874.69
"2053",55,"female","germany",6,3819.49,1731.77
"2054",38,"female","germany",6,428.39,2424.95
"2055",21,"female","austria",6,229.77,783.39
"2056",26,"female","austria",6,4326.29,1312.82
"2057",49,"female","poland",6,1811.46,114.46
"2058",41,"male","austria",6,339.5,171.97
"2059",44,"female","germany",6,4514.57,2452.89
"2060",35,"male","austria",6,2975.62,1226.26
"2061",58,"female","germany",6,344.67,265.85
"2062",42,"female","germany",6,4213.49,2974.65
"2063",35,"female","germany",6,3372.74,2347.64
"2064",51,"female","germany",6,2218.19,482.65
"2065",59,"female","austria",6,2349.38,1629.15
"2066",37,"female","austria",6,542.85,2287.2
"2067",42,"female","poland",6,3631.49,3631.49
"2068",32,"female","germany",6,4423.42,286.56
"2069",61,"female","germany",6,2215.98,1585.93
"2070",59,"female","austria",6,3514.53,919.34
"2071",54,"female","germany",6,7585.45,4446.18
"2072",38,"female","austria",6,3598.19,1522.72
"2073",29,"female","austria",6,5332.8,2947.69
"2074",26,"female","austria",6,316.58,925.77
"2075",25,"female","germany",6,3212.6,2314.42
"2076",31,"female","austria",6,491.98,2394.18
"2077",44,"male","germany",6,116.6,591.71
"2078",56,"female","germany",6,1793.65,74.81
"2079",31,"female","germany",6,5381.6,3985.55
"2080",51,"female","germany",6,5139.33,3746.8
"2081",42,"female","germany",6,3965.4,273.82
"2082",28,"female","germany",6,1831.6,334.86
"2083",46,"female","germany",6,78.5,59.59
"2084",44,"female","germany",6,974.94,748.29
"2085",41,"female","germany",6,1493.4,596.86
"2086",27,"female","germany",6,3613.98,196.59
"2087",65,"female","germany",6,5542.88,3878.58
"2088",56,"female","germany",6,4292.89,395.58
"2089",25,"female","germany",6,1485.4,1298.49
"2090",51,"female","germany",6,245.8,1785.24
"2091",57,"female","germany",6,317.68,1415.77
"2092",34,"female","germany",6,594.48,787.23
"2093",53,"female","germany",6,3199.34,2585.25
"2094",47,"female","germany",6,2428.9,82.84
"2095",22,"female","germany",6,6182.41,2854.2
"2096",37,"female","germany",6,3688.6,2288.28
"2097",51,"female","austria",6,2234.2,879.57
"2098",33,"female","germany",6,9894.45,7268.61
"2099",48,"female","germany",6,296.83,233.76
"2100",33,"female","austria",6,2497.67,129.74
"2101",54,"female","germany",6,262.4,1876.57
"2102",42,"female","germany",6,1617.4,842.67
"2103",59,"female","germany",6,2354.15,161.11
"2104",45,"female","germany",6,2473.2,756.63
"2105",52,"female","germany",6,3518.54,169.44
"2106",51,"male","poland",6,8747.78,682.15
"2107",28,"male","austria",6,1616.4,841.26
"2108",25,"male","austria",6,239.64,458.85
"2109",54,"female","germany",6,5666.2,343.72
"2110",38,"female","germany",6,279.1,712.83
"2111",38,"female","germany",6,3734.61,1639.26
"2112",44,"female","germany",6,4943.6,4439.67
"2113",44,"female","germany",6,3358.2,2623.75
"2114",32,"female","austria",6,3444.69,167.78
"2115",43,"female","poland",6,2757.37,511.34
"2116",68,"female","germany",6,546.4,386.64
"2117",36,"male","germany",6,8164.21,3373.6
"2118",29,"female","germany",6,486.5,2431.72
"2119",33,"female","germany",6,286.6,1754.69
"2120",54,"female","germany",6,2125.9,1145.3
"2121",32,"female","germany",6,4352.23,1573.43
"2122",46,"female","austria",6,3928.6,684.84
"2123",31,"female","germany",6,337.77,2242.1
"2124",39,"female","germany",6,1762.49,1447.81
"2125",49,"male","austria",6,365.45,1118.39
"2126",55,"male","austria",6,415.99,994.9
"2127",48,"female","germany",6,2226.32,356.58
"2128",55,"female","germany",6,3222.28,1526.82
"2129",35,"female","germany",6,2129.6,839
"2130",34,"female","germany",6,128.2,775.56
"2131",43,"male","austria",6,2963.53,1158.44
"2132",59,"female","poland",6,1243.32,411.32
"2133",41,"female","germany",6,2395.15,217.24
"2134",33,"female","germany",6,211.55,1468.87
